ftp://ftp.ncbi.nlm.nih.gov/genomes/all/GCF/000/013/425/GCF_000013425.1_ASM1342v1,GCA_000013425.1_Saureus_NCTC8325
ftp://ftp.ncbi.nlm.nih.gov/genomes/all/GCF/001/027/105/GCF_001027105.1_ASM102710v1,GCA_001027105.1_Saureus_DSM20231
ftp://ftp.ncbi.nlm.nih.gov/genomes/all/GCF/006/094/915/GCF_006094915.1_ASM609491v1,GCA_006094915.1_Saureus_ATCC12600
ftp://ftp.ncbi.nlm.nih.gov/genomes/all/GCF/006/364/675/GCF_006364675.1_ASM636467v1,GCA_006364675.1_Saureus_FDAARGOS_773
ftp://ftp.ncbi.nlm.nih.gov/genomes/all/GCF/002/895/385/GCF_002895385.1_ASM289538v1,GCA_002895385.1_Saureus_MRSA107
ftp://ftp.ncbi.nlm.nih.gov/genomes/all/GCF/001/641/025/GCF_001641025.1_ASM164102v1,GCA_001641025.1_Saureus_V521
ftp://ftp.ncbi.nlm.nih.gov/genomes/all/GCF/003/945/425/GCF_003945425.1_ASM394542v1,GCA_003945425.1_Saureus_TUM9463
ftp://ftp.ncbi.nlm.nih.gov/genomes/all/GCF/900/607/265/GCF_900607265.1_BPH2003,GCA_900607265.1_Saureus_BPH2003
ftp://ftp.ncbi.nlm.nih.gov/genomes/all/GCF/004/136/255/GCF_004136255.1_ASM413625v1,GCA_004136255.1_Saureus_M48
ftp://ftp.ncbi.nlm.nih.gov/genomes/all/GCF/900/620/245/GCF_900620245.1_BPH2947,GCA_900620245.1_Saureus_BPH2947
ftp://ftp.ncbi.nlm.nih.gov/genomes/all/GCF/001/515/745/GCF_001515745.1_ASM151574v1,GCA_001515745.1_Saureus_HC1340
ftp://ftp.ncbi.nlm.nih.gov/genomes/all/GCF/000/769/575/GCF_000769575.1_ASM76957v1,GCA_000769575.1_Saureus_Gv69
ftp://ftp.ncbi.nlm.nih.gov/genomes/all/GCF/003/264/815/GCF_003264815.1_ASM326481v1,GCA_003264815.1_Saureus_CMRSA-6
ftp://ftp.ncbi.nlm.nih.gov/genomes/all/GCF/000/027/045/GCF_000027045.1_ASM2704v1,GCA_000027045.1_Saureus_TW20
ftp://ftp.ncbi.nlm.nih.gov/genomes/all/GCF/002/097/595/GCF_002097595.2_ASM209759v2,GCA_002097595.2_Saureus_M92
ftp://ftp.ncbi.nlm.nih.gov/genomes/all/GCF/900/607/305/GCF_900607305.1_BPH2056,GCA_900607305.1_Saureus_BPH2056
ftp://ftp.ncbi.nlm.nih.gov/genomes/all/GCF/001/515/685/GCF_001515685.1_ASM151568v1,GCA_001515685.1_Saureus_Be62
ftp://ftp.ncbi.nlm.nih.gov/genomes/all/GCF/001/515/705/GCF_001515705.1_ASM151570v1,GCA_001515705.1_Saureus_Gv88
ftp://ftp.ncbi.nlm.nih.gov/genomes/all/GCF/000/485/885/GCF_000485885.1_ASM48588v1,GCA_000485885.1_Saureus_Z172
ftp://ftp.ncbi.nlm.nih.gov/genomes/all/GCF/001/515/665/GCF_001515665.1_ASM151566v1,GCA_001515665.1_Saureus_Gv51
ftp://ftp.ncbi.nlm.nih.gov/genomes/all/GCF/000/418/345/GCF_000418345.1_ASM41834v1,GCA_000418345.1_Saureus_Bmb9393
ftp://ftp.ncbi.nlm.nih.gov/genomes/all/GCF/900/607/295/GCF_900607295.1_BPH2869,GCA_900607295.1_Saureus_BPH2869
ftp://ftp.ncbi.nlm.nih.gov/genomes/all/GCF/006/088/835/GCF_006088835.1_ASM608883v1,GCA_006088835.1_Saureus_aureus
ftp://ftp.ncbi.nlm.nih.gov/genomes/all/GCF/001/515/765/GCF_001515765.1_ASM151576v1,GCA_001515765.1_Saureus_HC1335
ftp://ftp.ncbi.nlm.nih.gov/genomes/all/GCF/005/706/035/GCF_005706035.1_ASM570603v1,GCA_005706035.1_Saureus_P10
ftp://ftp.ncbi.nlm.nih.gov/genomes/all/GCF/006/364/775/GCF_006364775.1_ASM636477v1,GCA_006364775.1_Saureus_FDAARGOS_766
ftp://ftp.ncbi.nlm.nih.gov/genomes/all/GCF/003/193/745/GCF_003193745.1_ASM319374v1,GCA_003193745.1_Saureus_AR_0470
ftp://ftp.ncbi.nlm.nih.gov/genomes/all/GCF/003/945/405/GCF_003945405.1_ASM394540v1,GCA_003945405.1_Saureus_TUM9458
ftp://ftp.ncbi.nlm.nih.gov/genomes/all/GCF/009/176/785/GCF_009176785.1_ASM917678v1,GCA_009176785.1_Saureus_KG-18
ftp://ftp.ncbi.nlm.nih.gov/genomes/all/GCF/009/176/875/GCF_009176875.1_ASM917687v1,GCA_009176875.1_Saureus_KG-22
ftp://ftp.ncbi.nlm.nih.gov/genomes/all/GCF/900/324/235/GCF_900324235.1_5_3949,GCA_900324235.1_Saureus_5_3949
ftp://ftp.ncbi.nlm.nih.gov/genomes/all/GCF/003/264/775/GCF_003264775.1_ASM326477v1,GCA_003264775.1_Saureus_CMRSA-3
ftp://ftp.ncbi.nlm.nih.gov/genomes/all/GCF/001/019/485/GCF_001019485.2_ASM101948v2,GCA_001019485.2_Saureus_NRS120
ftp://ftp.ncbi.nlm.nih.gov/genomes/all/GCF/000/746/505/GCF_000746505.1_ASM74650v1,GCA_000746505.1_Saureus_2395USA500
ftp://ftp.ncbi.nlm.nih.gov/genomes/all/GCF/900/637/155/GCF_900637155.1_49386_H02,GCA_900637155.1_Saureus_NCTC13811
ftp://ftp.ncbi.nlm.nih.gov/genomes/all/GCF/001/640/905/GCF_001640905.1_ASM164090v1,GCA_001640905.1_Saureus_NCCP14558
ftp://ftp.ncbi.nlm.nih.gov/genomes/all/GCF/004/614/315/GCF_004614315.1_ASM461431v1,GCA_004614315.1_Saureus_JK3137
ftp://ftp.ncbi.nlm.nih.gov/genomes/all/GCF/900/474/575/GCF_900474575.1_40415_F02,GCA_900474575.1_Saureus_NCTC9944
ftp://ftp.ncbi.nlm.nih.gov/genomes/all/GCF/900/474/725/GCF_900474725.1_40677_A01,GCA_900474725.1_Saureus_NCTC13140
ftp://ftp.ncbi.nlm.nih.gov/genomes/all/GCF/009/176/765/GCF_009176765.1_ASM917676v1,GCA_009176765.1_Saureus_KG-03
ftp://ftp.ncbi.nlm.nih.gov/genomes/all/GCF/008/370/815/GCF_008370815.1_ASM837081v1,GCA_008370815.1_Saureus_16445
ftp://ftp.ncbi.nlm.nih.gov/genomes/all/GCF/008/620/055/GCF_008620055.1_ASM862005v1,GCA_008620055.1_Saureus_KUH180062
ftp://ftp.ncbi.nlm.nih.gov/genomes/all/GCF/007/410/625/GCF_007410625.1_ASM741062v1,GCA_007410625.1_Saureus_JKD6004-DR
ftp://ftp.ncbi.nlm.nih.gov/genomes/all/GCF/005/890/015/GCF_005890015.1_ASM589001v1,GCA_005890015.1_Saureus_JKD6004
ftp://ftp.ncbi.nlm.nih.gov/genomes/all/GCF/900/607/285/GCF_900607285.1_BPH3244,GCA_900607285.1_Saureus_BPH3244
ftp://ftp.ncbi.nlm.nih.gov/genomes/all/GCF/900/474/525/GCF_900474525.1_40677_F01,GCA_900474525.1_Saureus_NCTC13394
ftp://ftp.ncbi.nlm.nih.gov/genomes/all/GCF/003/354/945/GCF_003354945.1_ASM335494v1,GCA_003354945.1_Saureus_545
ftp://ftp.ncbi.nlm.nih.gov/genomes/all/GCF/900/607/245/GCF_900607245.1_JKD6009,GCA_900607245.1_Saureus_JKD6009
ftp://ftp.ncbi.nlm.nih.gov/genomes/all/GCF/900/607/275/GCF_900607275.1_BPH2070,GCA_900607275.1_Saureus_BPH2070
ftp://ftp.ncbi.nlm.nih.gov/genomes/all/GCF/000/145/595/GCF_000145595.1_ASM14559v1,GCA_000145595.1_Saureus_JKD6008
ftp://ftp.ncbi.nlm.nih.gov/genomes/all/GCF/900/324/345/GCF_900324345.1_17_LA_343,GCA_900324345.1_Saureus_17_LA_343
ftp://ftp.ncbi.nlm.nih.gov/genomes/all/GCF/003/193/725/GCF_003193725.1_ASM319372v1,GCA_003193725.1_Saureus_AR_0216
ftp://ftp.ncbi.nlm.nih.gov/genomes/all/GCF/000/568/455/GCF_000568455.1_ASM56845v1,GCA_000568455.1_Saureus_USA300-ISMMS1
ftp://ftp.ncbi.nlm.nih.gov/genomes/all/GCF/002/000/685/GCF_002000685.1_ASM200068v1,GCA_002000685.1_Saureus_USA300-SUR15
ftp://ftp.ncbi.nlm.nih.gov/genomes/all/GCF/002/000/865/GCF_002000865.1_ASM200086v1,GCA_002000865.1_Saureus_USA300-SUR24
ftp://ftp.ncbi.nlm.nih.gov/genomes/all/GCF/002/000/765/GCF_002000765.1_ASM200076v1,GCA_002000765.1_Saureus_USA300-SUR19
ftp://ftp.ncbi.nlm.nih.gov/genomes/all/GCF/002/000/665/GCF_002000665.1_ASM200066v1,GCA_002000665.1_Saureus_USA300-SUR14
ftp://ftp.ncbi.nlm.nih.gov/genomes/all/GCF/002/000/705/GCF_002000705.1_ASM200070v1,GCA_002000705.1_Saureus_USA300-SUR16
ftp://ftp.ncbi.nlm.nih.gov/genomes/all/GCF/002/000/745/GCF_002000745.1_ASM200074v1,GCA_002000745.1_Saureus_USA300-SUR18
ftp://ftp.ncbi.nlm.nih.gov/genomes/all/GCF/002/000/725/GCF_002000725.1_ASM200072v1,GCA_002000725.1_Saureus_USA300-SUR17
ftp://ftp.ncbi.nlm.nih.gov/genomes/all/GCF/002/000/645/GCF_002000645.1_ASM200064v1,GCA_002000645.1_Saureus_USA300-SUR13
ftp://ftp.ncbi.nlm.nih.gov/genomes/all/GCF/002/000/805/GCF_002000805.1_ASM200080v1,GCA_002000805.1_Saureus_USA300-SUR21
ftp://ftp.ncbi.nlm.nih.gov/genomes/all/GCF/003/595/465/GCF_003595465.1_ASM359546v1,GCA_003595465.1_Saureus_USA300-SUR6
ftp://ftp.ncbi.nlm.nih.gov/genomes/all/GCF/003/595/405/GCF_003595405.1_ASM359540v1,GCA_003595405.1_Saureus_USA300-SUR3
ftp://ftp.ncbi.nlm.nih.gov/genomes/all/GCF/003/595/485/GCF_003595485.1_ASM359548v1,GCA_003595485.1_Saureus_USA300-SUR7
ftp://ftp.ncbi.nlm.nih.gov/genomes/all/GCF/002/000/565/GCF_002000565.1_ASM200056v1,GCA_002000565.1_Saureus_USA300-SUR9
ftp://ftp.ncbi.nlm.nih.gov/genomes/all/GCF/002/000/585/GCF_002000585.1_ASM200058v1,GCA_002000585.1_Saureus_USA300-SUR10
ftp://ftp.ncbi.nlm.nih.gov/genomes/all/GCF/002/000/605/GCF_002000605.1_ASM200060v1,GCA_002000605.1_Saureus_USA300-SUR11
ftp://ftp.ncbi.nlm.nih.gov/genomes/all/GCF/003/595/425/GCF_003595425.1_ASM359542v1,GCA_003595425.1_Saureus_USA300-SUR4
ftp://ftp.ncbi.nlm.nih.gov/genomes/all/GCF/003/595/445/GCF_003595445.1_ASM359544v1,GCA_003595445.1_Saureus_USA300-SUR5
ftp://ftp.ncbi.nlm.nih.gov/genomes/all/GCF/003/595/505/GCF_003595505.1_ASM359550v1,GCA_003595505.1_Saureus_USA300-SUR8
ftp://ftp.ncbi.nlm.nih.gov/genomes/all/GCF/001/183/705/GCF_001183705.3_ASM118370v3,GCA_001183705.3_Saureus_USA300_2014.C01
ftp://ftp.ncbi.nlm.nih.gov/genomes/all/GCF/002/000/785/GCF_002000785.1_ASM200078v1,GCA_002000785.1_Saureus_USA300-SUR20
ftp://ftp.ncbi.nlm.nih.gov/genomes/all/GCF/002/000/825/GCF_002000825.1_ASM200082v1,GCA_002000825.1_Saureus_USA300-SUR22
ftp://ftp.ncbi.nlm.nih.gov/genomes/all/GCF/002/000/845/GCF_002000845.1_ASM200084v1,GCA_002000845.1_Saureus_USA300-SUR23
ftp://ftp.ncbi.nlm.nih.gov/genomes/all/GCF/003/111/725/GCF_003111725.1_ASM311172v1,GCA_003111725.1_Saureus_SVH7513
ftp://ftp.ncbi.nlm.nih.gov/genomes/all/GCF/003/394/105/GCF_003394105.1_ASM339410v1,GCA_003394105.1_Saureus_WCH-SK2
ftp://ftp.ncbi.nlm.nih.gov/genomes/all/GCF/008/619/075/GCF_008619075.1_ASM861907v1,GCA_008619075.1_Saureus_KUN1163
ftp://ftp.ncbi.nlm.nih.gov/genomes/all/GCF/000/204/665/GCF_000204665.1_ASM20466v1,GCA_000204665.1_Saureus_T0131
ftp://ftp.ncbi.nlm.nih.gov/genomes/all/GCF/003/030/065/GCF_003030065.1_ASM303006v1,GCA_003030065.1_Saureus_CFSAN018749
ftp://ftp.ncbi.nlm.nih.gov/genomes/all/GCF/003/354/585/GCF_003354585.1_ASM335458v1,GCA_003354585.1_Saureus_629
ftp://ftp.ncbi.nlm.nih.gov/genomes/all/GCF/003/354/565/GCF_003354565.1_ASM335456v1,GCA_003354565.1_Saureus_187
ftp://ftp.ncbi.nlm.nih.gov/genomes/all/GCF/003/354/985/GCF_003354985.1_ASM335498v1,GCA_003354985.1_Saureus_628
ftp://ftp.ncbi.nlm.nih.gov/genomes/all/GCF/003/354/705/GCF_003354705.1_ASM335470v1,GCA_003354705.1_Saureus_61
ftp://ftp.ncbi.nlm.nih.gov/genomes/all/GCF/003/354/765/GCF_003354765.1_ASM335476v1,GCA_003354765.1_Saureus_191
ftp://ftp.ncbi.nlm.nih.gov/genomes/all/GCF/003/073/655/GCF_003073655.1_ASM307365v1,GCA_003073655.1_Saureus_AR465
ftp://ftp.ncbi.nlm.nih.gov/genomes/all/GCF/003/203/615/GCF_003203615.1_ASM320361v1,GCA_003203615.1_Saureus_AR_0468
ftp://ftp.ncbi.nlm.nih.gov/genomes/all/GCF/001/640/925/GCF_001640925.1_ASM164092v1,GCA_001640925.1_Saureus_NCCP14562
ftp://ftp.ncbi.nlm.nih.gov/genomes/all/GCF/900/324/315/GCF_900324315.1_12_LA_293,GCA_900324315.1_Saureus_12_LA_293
ftp://ftp.ncbi.nlm.nih.gov/genomes/all/GCF/003/193/885/GCF_003193885.1_ASM319388v1,GCA_003193885.1_Saureus_AR_0467
ftp://ftp.ncbi.nlm.nih.gov/genomes/all/GCF/003/194/025/GCF_003194025.1_ASM319402v1,GCA_003194025.1_Saureus_AR_0215
ftp://ftp.ncbi.nlm.nih.gov/genomes/all/GCF/004/785/995/GCF_004785995.1_ASM478599v1,GCA_004785995.1_Saureus_WCUH29
ftp://ftp.ncbi.nlm.nih.gov/genomes/all/GCF/003/073/715/GCF_003073715.1_ASM307371v1,GCA_003073715.1_Saureus_AR461
ftp://ftp.ncbi.nlm.nih.gov/genomes/all/GCF/000/016/805/GCF_000016805.1_ASM1680v1,GCA_000016805.1_Saureus_JH9
ftp://ftp.ncbi.nlm.nih.gov/genomes/all/GCF/000/017/125/GCF_000017125.1_ASM1712v1,GCA_000017125.1_Saureus_JH1
ftp://ftp.ncbi.nlm.nih.gov/genomes/all/GCF/003/330/905/GCF_003330905.1_ASM333090v1,GCA_003330905.1_Saureus_AR_474
ftp://ftp.ncbi.nlm.nih.gov/genomes/all/GCF/900/324/265/GCF_900324265.1_9_LA_281,GCA_900324265.1_Saureus_9_LA_281
ftp://ftp.ncbi.nlm.nih.gov/genomes/all/GCF/007/185/035/GCF_007185035.1_ASM718503v1,GCA_007185035.1_Saureus_JRA307
ftp://ftp.ncbi.nlm.nih.gov/genomes/all/GCF/003/351/925/GCF_003351925.1_ASM335192v1,GCA_003351925.1_Saureus_FORC_062
ftp://ftp.ncbi.nlm.nih.gov/genomes/all/GCF/003/595/365/GCF_003595365.1_ASM359536v1,GCA_003595365.1_Saureus_USA300-SUR1
ftp://ftp.ncbi.nlm.nih.gov/genomes/all/GCF/003/595/385/GCF_003595385.1_ASM359538v1,GCA_003595385.1_Saureus_USA300-SUR2
ftp://ftp.ncbi.nlm.nih.gov/genomes/all/GCF/900/324/385/GCF_900324385.1_20_LA_415,GCA_900324385.1_Saureus_20_LA_415
ftp://ftp.ncbi.nlm.nih.gov/genomes/all/GCF/001/956/815/GCF_001956815.1_ASM195681v1,GCA_001956815.1_Saureus_USA300_SUR1
ftp://ftp.ncbi.nlm.nih.gov/genomes/all/GCF/001/725/965/GCF_001725965.1_ASM172596v1,GCA_001725965.1_Saureus_FORC_027
ftp://ftp.ncbi.nlm.nih.gov/genomes/all/GCF/003/111/745/GCF_003111745.1_ASM311174v1,GCA_003111745.1_Saureus_PTDrAP2
ftp://ftp.ncbi.nlm.nih.gov/genomes/all/GCF/000/011/505/GCF_000011505.1_ASM1150v1,GCA_000011505.1_Saureus_MRSA252
ftp://ftp.ncbi.nlm.nih.gov/genomes/all/GCF/900/478/245/GCF_900478245.1_35910_A02,GCA_900478245.1_Saureus_NCTC13277
ftp://ftp.ncbi.nlm.nih.gov/genomes/all/GCF/001/975/005/GCF_001975005.1_ASM197500v1,GCA_001975005.1_Saureus_UCI62
ftp://ftp.ncbi.nlm.nih.gov/genomes/all/GCF/001/580/515/GCF_001580515.1_ASM158051v1,GCA_001580515.1_Saureus_UTSWMRSA55
ftp://ftp.ncbi.nlm.nih.gov/genomes/all/GCF/003/193/965/GCF_003193965.1_ASM319396v1,GCA_003193965.1_Saureus_AR_0225
ftp://ftp.ncbi.nlm.nih.gov/genomes/all/GCF/900/324/405/GCF_900324405.1_21_LA_436,GCA_900324405.1_Saureus_21_LA_436
ftp://ftp.ncbi.nlm.nih.gov/genomes/all/GCF/002/355/355/GCF_002355355.1_ASM235535v1,GCA_002355355.1_Saureus_OC8
ftp://ftp.ncbi.nlm.nih.gov/genomes/all/GCF/001/021/875/GCF_001021875.1_ASM102187v1,GCA_001021875.1_Saureus_M121
ftp://ftp.ncbi.nlm.nih.gov/genomes/all/GCF/009/728/755/GCF_009728755.1_ASM972875v1,GCA_009728755.1_Saureus_ST20130944
ftp://ftp.ncbi.nlm.nih.gov/genomes/all/GCF/003/827/915/GCF_003827915.1_ASM382791v1,GCA_003827915.1_Saureus_FDAARGOS_504
ftp://ftp.ncbi.nlm.nih.gov/genomes/all/GCF/001/465/755/GCF_001465755.1_ASM146575v1,GCA_001465755.1_Saureus_RIVM3897
ftp://ftp.ncbi.nlm.nih.gov/genomes/all/GCF/003/354/965/GCF_003354965.1_ASM335496v1,GCA_003354965.1_Saureus_546
ftp://ftp.ncbi.nlm.nih.gov/genomes/all/GCF/003/354/665/GCF_003354665.1_ASM335466v1,GCA_003354665.1_Saureus_165
ftp://ftp.ncbi.nlm.nih.gov/genomes/all/GCF/900/324/215/GCF_900324215.1_3_LA_115,GCA_900324215.1_Saureus_3_LA_115
ftp://ftp.ncbi.nlm.nih.gov/genomes/all/GCF/900/324/245/GCF_900324245.1_8_LA_272,GCA_900324245.1_Saureus_8_LA_272
ftp://ftp.ncbi.nlm.nih.gov/genomes/all/GCF/900/620/255/GCF_900620255.1_BPH2986,GCA_900620255.1_Saureus_BPH2986
ftp://ftp.ncbi.nlm.nih.gov/genomes/all/GCF/000/772/025/GCF_000772025.1_ASM77202v1,GCA_000772025.1_Saureus_FORC_001
ftp://ftp.ncbi.nlm.nih.gov/genomes/all/GCF/001/298/325/GCF_001298325.2_ASM129832v2,GCA_001298325.2_Saureus_BA01611
ftp://ftp.ncbi.nlm.nih.gov/genomes/all/GCF/900/607/255/GCF_900607255.1_BPH2019,GCA_900607255.1_Saureus_BPH2019
ftp://ftp.ncbi.nlm.nih.gov/genomes/all/GCF/003/029/645/GCF_003029645.1_ASM302964v1,GCA_003029645.1_Saureus_CFSAN064038
ftp://ftp.ncbi.nlm.nih.gov/genomes/all/GCF/001/018/845/GCF_001018845.2_ASM101884v2,GCA_001018845.2_Saureus_NRS153
ftp://ftp.ncbi.nlm.nih.gov/genomes/all/GCF/003/203/595/GCF_003203595.1_ASM320359v1,GCA_003203595.1_Saureus_AR_0226
ftp://ftp.ncbi.nlm.nih.gov/genomes/all/GCF/000/010/445/GCF_000010445.1_ASM1044v1,GCA_000010445.1_Saureus_Mu3
ftp://ftp.ncbi.nlm.nih.gov/genomes/all/GCF/900/324/225/GCF_900324225.1_7_4623,GCA_900324225.1_Saureus_7_4623
ftp://ftp.ncbi.nlm.nih.gov/genomes/all/GCF/008/244/705/GCF_008244705.1_ASM824470v1,GCA_008244705.1_Saureus_NRS384
ftp://ftp.ncbi.nlm.nih.gov/genomes/all/GCF/008/244/725/GCF_008244725.1_ASM824472v1,GCA_008244725.1_Saureus_NRS384-rpoB-H481N-NCV
ftp://ftp.ncbi.nlm.nih.gov/genomes/all/GCF/008/244/745/GCF_008244745.1_ASM824474v1,GCA_008244745.1_Saureus_NRS384-rpoB-H481N-SCV
ftp://ftp.ncbi.nlm.nih.gov/genomes/all/GCF/000/010/465/GCF_000010465.1_ASM1046v1,GCA_000010465.1_Saureus_Newman
ftp://ftp.ncbi.nlm.nih.gov/genomes/all/GCF/002/310/395/GCF_002310395.1_ASM231039v1,GCA_002310395.1_Saureus_Newman_D2C
ftp://ftp.ncbi.nlm.nih.gov/genomes/all/GCF/002/310/435/GCF_002310435.1_ASM231043v1,GCA_002310435.1_Saureus_NYU_Newman
ftp://ftp.ncbi.nlm.nih.gov/genomes/all/GCF/900/092/595/GCF_900092595.1_Sa_Newman_UoM,GCA_900092595.1_Saureus_Sa_Newman_UoM
ftp://ftp.ncbi.nlm.nih.gov/genomes/all/GCF/002/088/995/GCF_002088995.1_ASM208899v1,GCA_002088995.1_Saureus_C2406
ftp://ftp.ncbi.nlm.nih.gov/genomes/all/GCF/000/009/665/GCF_000009665.1_ASM966v1,GCA_000009665.1_Saureus_Mu50
ftp://ftp.ncbi.nlm.nih.gov/genomes/all/GCF/001/019/495/GCF_001019495.2_ASM101949v2,GCA_001019495.2_Saureus_FDAARGOS_40
ftp://ftp.ncbi.nlm.nih.gov/genomes/all/GCF/001/019/435/GCF_001019435.2_ASM101943v2,GCA_001019435.2_Saureus_NRS1
ftp://ftp.ncbi.nlm.nih.gov/genomes/all/GCF/003/193/705/GCF_003193705.1_ASM319370v1,GCA_003193705.1_Saureus_AR_0219
ftp://ftp.ncbi.nlm.nih.gov/genomes/all/GCF/001/717/725/GCF_001717725.1_ASM171772v2,GCA_001717725.2_Saureus_1625.C01
ftp://ftp.ncbi.nlm.nih.gov/genomes/all/GCF/001/019/575/GCF_001019575.2_ASM101957v2,GCA_001019575.2_Saureus_HPV107
ftp://ftp.ncbi.nlm.nih.gov/genomes/all/GCF/008/620/175/GCF_008620175.1_ASM862017v1,GCA_008620175.1_Saureus_KUH180129
ftp://ftp.ncbi.nlm.nih.gov/genomes/all/GCF/003/952/625/GCF_003952625.1_ASM395262v1,GCA_003952625.1_Saureus_PMB81-4
ftp://ftp.ncbi.nlm.nih.gov/genomes/all/GCF/008/462/245/GCF_008462245.1_ASM846224v1,GCA_008462245.1_Saureus_GD1706
ftp://ftp.ncbi.nlm.nih.gov/genomes/all/GCF/002/000/625/GCF_002000625.1_ASM200062v1,GCA_002000625.1_Saureus_USA300-SUR12
ftp://ftp.ncbi.nlm.nih.gov/genomes/all/GCF/003/425/545/GCF_003425545.1_ASM342554v1,GCA_003425545.1_Saureus_199
ftp://ftp.ncbi.nlm.nih.gov/genomes/all/GCF/003/425/915/GCF_003425915.1_ASM342591v1,GCA_003425915.1_Saureus_64
ftp://ftp.ncbi.nlm.nih.gov/genomes/all/GCF/900/324/415/GCF_900324415.1_22_LA_562,GCA_900324415.1_Saureus_22_LA_562
ftp://ftp.ncbi.nlm.nih.gov/genomes/all/GCF/004/118/995/GCF_004118995.1_ASM411899v1,GCA_004118995.1_Saureus_LAC
ftp://ftp.ncbi.nlm.nih.gov/genomes/all/GCF/002/085/525/GCF_002085525.1_ASM208552v1,GCA_002085525.1_Saureus_JE2
ftp://ftp.ncbi.nlm.nih.gov/genomes/all/GCF/000/953/255/GCF_000953255.1_Staphylococcus_aureus_Sa_ILRI_217,GCA_000953255.1_Saureus_ILRI_Eymole1/1
ftp://ftp.ncbi.nlm.nih.gov/genomes/all/GCF/001/018/725/GCF_001018725.2_ASM101872v2,GCA_001018725.2_Saureus_FDAARGOS_10
ftp://ftp.ncbi.nlm.nih.gov/genomes/all/GCF/007/998/145/GCF_007998145.1_ASM799814v1,GCA_007998145.1_Saureus_X22
ftp://ftp.ncbi.nlm.nih.gov/genomes/all/GCF/001/717/685/GCF_001717685.1_ASM171768v3,GCA_001717685.3_Saureus_1971.C01
ftp://ftp.ncbi.nlm.nih.gov/genomes/all/GCF/001/717/645/GCF_001717645.1_ASM171764v3,GCA_001717645.3_Saureus_5118.N
ftp://ftp.ncbi.nlm.nih.gov/genomes/all/GCF/000/695/875/GCF_000695875.1_ASM69587v1,GCA_000695875.1_Saureus_UA-S391_USA300
ftp://ftp.ncbi.nlm.nih.gov/genomes/all/GCF/000/017/085/GCF_000017085.1_ASM1708v1,GCA_000017085.1_Saureus_TCH1516
ftp://ftp.ncbi.nlm.nih.gov/genomes/all/GCF/000/815/205/GCF_000815205.1_ASM81520v1,GCA_000815205.1_Saureus_25b_MRSA
ftp://ftp.ncbi.nlm.nih.gov/genomes/all/GCF/000/815/085/GCF_000815085.1_ASM81508v1,GCA_000815085.1_Saureus_31b_MRSA
ftp://ftp.ncbi.nlm.nih.gov/genomes/all/GCF/000/815/165/GCF_000815165.1_ASM81516v1,GCA_000815165.1_Saureus_26b_MRSA
ftp://ftp.ncbi.nlm.nih.gov/genomes/all/GCF/000/815/245/GCF_000815245.1_ASM81524v1,GCA_000815245.1_Saureus_27b_MRSA
ftp://ftp.ncbi.nlm.nih.gov/genomes/all/GCF/000/013/465/GCF_000013465.1_ASM1346v1,GCA_000013465.1_Saureus_USA300_FPR3757
ftp://ftp.ncbi.nlm.nih.gov/genomes/all/GCF/003/073/395/GCF_003073395.1_ASM307339v1,GCA_003073395.1_Saureus_CIT
ftp://ftp.ncbi.nlm.nih.gov/genomes/all/GCF/003/073/435/GCF_003073435.1_ASM307343v1,GCA_003073435.1_Saureus_OXLIM
ftp://ftp.ncbi.nlm.nih.gov/genomes/all/GCF/000/815/045/GCF_000815045.1_ASM81504v1,GCA_000815045.1_Saureus_29b_MRSA
ftp://ftp.ncbi.nlm.nih.gov/genomes/all/GCF/000/815/125/GCF_000815125.1_ASM81512v1,GCA_000815125.1_Saureus_33b
ftp://ftp.ncbi.nlm.nih.gov/genomes/all/GCF/000/009/585/GCF_000009585.1_ASM958v1,GCA_000009585.1_Saureus_typestrain:ST398
ftp://ftp.ncbi.nlm.nih.gov/genomes/all/GCF/003/193/685/GCF_003193685.1_ASM319368v1,GCA_003193685.1_Saureus_AR_0223
ftp://ftp.ncbi.nlm.nih.gov/genomes/all/GCF/900/324/335/GCF_900324335.1_15_LA_305,GCA_900324335.1_Saureus_15_LA_305
ftp://ftp.ncbi.nlm.nih.gov/genomes/all/GCF/005/889/995/GCF_005889995.1_ASM588999v1,GCA_005889995.1_Saureus_J01
ftp://ftp.ncbi.nlm.nih.gov/genomes/all/GCF/900/474/735/GCF_900474735.1_40871_F01,GCA_900474735.1_Saureus_NCTC13395
ftp://ftp.ncbi.nlm.nih.gov/genomes/all/GCF/900/324/325/GCF_900324325.1_14_5418,GCA_900324325.1_Saureus_14_5418
ftp://ftp.ncbi.nlm.nih.gov/genomes/all/GCF/003/203/635/GCF_003203635.1_ASM320363v1,GCA_003203635.1_Saureus_AR_0228
ftp://ftp.ncbi.nlm.nih.gov/genomes/all/GCF/900/324/295/GCF_900324295.1_16_LA_309,GCA_900324295.1_Saureus_16_LA_309
ftp://ftp.ncbi.nlm.nih.gov/genomes/all/GCF/005/707/015/GCF_005707015.1_ASM570701v1,GCA_005707015.1_Saureus_R50
ftp://ftp.ncbi.nlm.nih.gov/genomes/all/GCF/004/153/345/GCF_004153345.1_ASM415334v1,GCA_004153345.1_Saureus_VB9352
ftp://ftp.ncbi.nlm.nih.gov/genomes/all/GCF/008/329/885/GCF_008329885.1_ASM832988v1,GCA_008329885.1_Saureus_CFSAN082781
ftp://ftp.ncbi.nlm.nih.gov/genomes/all/GCF/008/329/865/GCF_008329865.1_ASM832986v1,GCA_008329865.1_Saureus_CFSAN082782
ftp://ftp.ncbi.nlm.nih.gov/genomes/all/GCF/009/739/695/GCF_009739695.1_ASM973969v1,GCA_009739695.1_Saureus_P2D1C1
ftp://ftp.ncbi.nlm.nih.gov/genomes/all/GCF/009/739/675/GCF_009739675.1_ASM973967v1,GCA_009739675.1_Saureus_P2D8C1
ftp://ftp.ncbi.nlm.nih.gov/genomes/all/GCF/001/735/655/GCF_001735655.2_ASM173565v2,GCA_001735655.2_Saureus_3020.C01
ftp://ftp.ncbi.nlm.nih.gov/genomes/all/GCF/003/955/945/GCF_003955945.1_ASM395594v1,GCA_003955945.1_Saureus_O267
ftp://ftp.ncbi.nlm.nih.gov/genomes/all/GCF/009/739/715/GCF_009739715.1_ASM973971v1,GCA_009739715.1_Saureus_P2D15C1
ftp://ftp.ncbi.nlm.nih.gov/genomes/all/GCF/001/183/725/GCF_001183725.2_ASM118372v2,GCA_001183725.2_Saureus_USA300_2014.C02
ftp://ftp.ncbi.nlm.nih.gov/genomes/all/GCF/001/717/705/GCF_001717705.1_ASM171770v2,GCA_001717705.2_Saureus_1969.N
ftp://ftp.ncbi.nlm.nih.gov/genomes/all/GCF/003/573/835/GCF_003573835.1_ASM357383v1,GCA_003573835.1_Saureus_JMUB3031
ftp://ftp.ncbi.nlm.nih.gov/genomes/all/GCF/900/324/365/GCF_900324365.1_19_LA_388,GCA_900324365.1_Saureus_19_LA_388
ftp://ftp.ncbi.nlm.nih.gov/genomes/all/GCF/001/018/975/GCF_001018975.2_ASM101897v2,GCA_001018975.2_Saureus_NRS143
ftp://ftp.ncbi.nlm.nih.gov/genomes/all/GCF/002/204/555/GCF_002204555.1_ASM220455v1,GCA_002204555.1_Saureus_ISU935
ftp://ftp.ncbi.nlm.nih.gov/genomes/all/GCF/000/828/035/GCF_000828035.1_ASM82803v1,GCA_000828035.1_Saureus_DAR4145
ftp://ftp.ncbi.nlm.nih.gov/genomes/all/GCF/001/548/415/GCF_001548415.1_ASM154841v1,GCA_001548415.1_Saureus_MI
ftp://ftp.ncbi.nlm.nih.gov/genomes/all/GCF/004/421/085/GCF_004421085.1_ASM442108v1,GCA_004421085.1_Saureus_04-002
ftp://ftp.ncbi.nlm.nih.gov/genomes/all/GCF/900/636/335/GCF_900636335.1_40798_F01,GCA_900636335.1_Saureus_NCTC7988
ftp://ftp.ncbi.nlm.nih.gov/genomes/all/GCF/900/324/205/GCF_900324205.1_1_1439,GCA_900324205.1_Saureus_1_1439
ftp://ftp.ncbi.nlm.nih.gov/genomes/all/GCF/900/324/255/GCF_900324255.1_2_LA_86,GCA_900324255.1_Saureus_2_LA_86
ftp://ftp.ncbi.nlm.nih.gov/genomes/all/GCF/003/194/005/GCF_003194005.1_ASM319400v1,GCA_003194005.1_Saureus_AR_0469
ftp://ftp.ncbi.nlm.nih.gov/genomes/all/GCF/008/330/045/GCF_008330045.1_ASM833004v1,GCA_008330045.1_Saureus_VGC1
ftp://ftp.ncbi.nlm.nih.gov/genomes/all/GCF/002/633/785/GCF_002633785.1_ASM263378v1,GCA_002633785.1_Saureus_CFSAN007847
ftp://ftp.ncbi.nlm.nih.gov/genomes/all/GCF/001/717/975/GCF_001717975.2_ASM171797v3,GCA_001717975.3_Saureus_2148.C01
ftp://ftp.ncbi.nlm.nih.gov/genomes/all/GCF/003/432/365/GCF_003432365.1_ASM343236v1,GCA_003432365.1_Saureus_QD-CD9
ftp://ftp.ncbi.nlm.nih.gov/genomes/all/GCF/003/031/425/GCF_003031425.1_ASM303142v1,GCA_003031425.1_Saureus_CFSAN007896
ftp://ftp.ncbi.nlm.nih.gov/genomes/all/GCF/900/324/305/GCF_900324305.1_13_LA_301,GCA_900324305.1_Saureus_13_LA_301
ftp://ftp.ncbi.nlm.nih.gov/genomes/all/GCF/009/728/775/GCF_009728775.1_ASM972877v1,GCA_009728775.1_Saureus_ST20130945
ftp://ftp.ncbi.nlm.nih.gov/genomes/all/GCF/004/136/655/GCF_004136655.1_ASM413665v1,GCA_004136655.1_Saureus_S57
ftp://ftp.ncbi.nlm.nih.gov/genomes/all/GCF/000/412/775/GCF_000412775.1_ASM41277v1,GCA_000412775.1_Saureus_CA-347
ftp://ftp.ncbi.nlm.nih.gov/genomes/all/GCF/900/474/715/GCF_900474715.1_41004_D01,GCA_900474715.1_Saureus_NCTC6136
ftp://ftp.ncbi.nlm.nih.gov/genomes/all/GCF/000/969/225/GCF_000969225.1_ASM96922v1,GCA_000969225.1_Saureus_FCFHV36
ftp://ftp.ncbi.nlm.nih.gov/genomes/all/GCF/002/786/465/GCF_002786465.1_ASM278646v1,GCA_002786465.1_Saureus_EDCC5458
ftp://ftp.ncbi.nlm.nih.gov/genomes/all/GCF/001/640/885/GCF_001640885.1_ASM164088v1,GCA_001640885.1_Saureus_ZJ5499
ftp://ftp.ncbi.nlm.nih.gov/genomes/all/GCF/008/693/765/GCF_008693765.1_ASM869376v1,GCA_008693765.1_Saureus_FDAARGOS_660
ftp://ftp.ncbi.nlm.nih.gov/genomes/all/GCF/001/307/235/GCF_001307235.1_ASM130723v1,GCA_001307235.1_Saureus_JS395
ftp://ftp.ncbi.nlm.nih.gov/genomes/all/GCF/900/635/265/GCF_900635265.1_40574_H02,GCA_900635265.1_Saureus_NCTC12233
ftp://ftp.ncbi.nlm.nih.gov/genomes/all/GCF/003/426/145/GCF_003426145.1_ASM342614v1,GCA_003426145.1_Saureus_MOZ66
ftp://ftp.ncbi.nlm.nih.gov/genomes/all/GCF/000/239/235/GCF_000239235.1_ASM23923v1,GCA_000239235.1_Saureus_11819-97
ftp://ftp.ncbi.nlm.nih.gov/genomes/all/GCF/000/695/215/GCF_000695215.1_ASM69521v1,GCA_000695215.1_Saureus_H-EMRSA-15
ftp://ftp.ncbi.nlm.nih.gov/genomes/all/GCF/003/186/125/GCF_003186125.1_ASM318612v1,GCA_003186125.1_Saureus_MOK042
ftp://ftp.ncbi.nlm.nih.gov/genomes/all/GCF/900/635/245/GCF_900635245.1_40415_C02,GCA_900635245.1_Saureus_NCTC13142
ftp://ftp.ncbi.nlm.nih.gov/genomes/all/GCF/900/635/315/GCF_900635315.1_41255_H01,GCA_900635315.1_Saureus_NCTC9555
ftp://ftp.ncbi.nlm.nih.gov/genomes/all/GCF/900/324/275/GCF_900324275.1_6_LA_232,GCA_900324275.1_Saureus_6_LA_232
ftp://ftp.ncbi.nlm.nih.gov/genomes/all/GCF/001/045/995/GCF_001045995.2_ASM104599v2,GCA_001045995.2_Saureus_HUV05
ftp://ftp.ncbi.nlm.nih.gov/genomes/all/GCF/004/772/215/GCF_004772215.1_ASM477221v1,GCA_004772215.1_Saureus_O268
ftp://ftp.ncbi.nlm.nih.gov/genomes/all/GCF/004/153/365/GCF_004153365.1_ASM415336v1,GCA_004153365.1_Saureus_VB31683
ftp://ftp.ncbi.nlm.nih.gov/genomes/all/GCF/001/045/795/GCF_001045795.2_ASM104579v2,GCA_001045795.2_Saureus_CA12
ftp://ftp.ncbi.nlm.nih.gov/genomes/all/GCF/007/726/565/GCF_007726565.1_ASM772656v1,GCA_007726565.1_Saureus_B3-17D
ftp://ftp.ncbi.nlm.nih.gov/genomes/all/GCF/001/019/255/GCF_001019255.2_ASM101925v2,GCA_001019255.2_Saureus_FDAARGOS_1
ftp://ftp.ncbi.nlm.nih.gov/genomes/all/GCF/003/432/345/GCF_003432345.1_ASM343234v1,GCA_003432345.1_Saureus_NX-T55
ftp://ftp.ncbi.nlm.nih.gov/genomes/all/GCF/001/021/895/GCF_001021895.1_ASM102189v1,GCA_001021895.1_Saureus_CA15
ftp://ftp.ncbi.nlm.nih.gov/genomes/all/GCF/900/155/335/GCF_900155335.1_NZ15MR0322,GCA_900155335.1_Saureus_NZ15MR0322
ftp://ftp.ncbi.nlm.nih.gov/genomes/all/GCF/900/635/335/GCF_900635335.1_41556_G01,GCA_900635335.1_Saureus_NCTC11965
ftp://ftp.ncbi.nlm.nih.gov/genomes/all/GCF/900/636/695/GCF_900636695.1_43874_B01,GCA_900636695.1_Saureus_NCTC1803
ftp://ftp.ncbi.nlm.nih.gov/genomes/all/GCF/001/975/045/GCF_001975045.1_ASM197504v1,GCA_001975045.1_Saureus_UCI28
ftp://ftp.ncbi.nlm.nih.gov/genomes/all/GCF/900/474/755/GCF_900474755.1_41236_E02,GCA_900474755.1_Saureus_NCTC10344
ftp://ftp.ncbi.nlm.nih.gov/genomes/all/GCF/900/635/285/GCF_900635285.1_40677_B02,GCA_900635285.1_Saureus_NCTC7121
ftp://ftp.ncbi.nlm.nih.gov/genomes/all/GCF/001/019/205/GCF_001019205.2_ASM101920v2,GCA_001019205.2_Saureus_FDAARGOS_48
ftp://ftp.ncbi.nlm.nih.gov/genomes/all/GCF/003/193/665/GCF_003193665.1_ASM319366v1,GCA_003193665.1_Saureus_AR_0472
ftp://ftp.ncbi.nlm.nih.gov/genomes/all/GCF/003/193/785/GCF_003193785.1_ASM319378v1,GCA_003193785.1_Saureus_AR_0473
ftp://ftp.ncbi.nlm.nih.gov/genomes/all/GCF/001/018/835/GCF_001018835.2_ASM101883v2,GCA_001018835.2_Saureus_NRS271
ftp://ftp.ncbi.nlm.nih.gov/genomes/all/GCF/000/737/615/GCF_000737615.1_ASM73761v1,GCA_000737615.1_Saureus_SA268
ftp://ftp.ncbi.nlm.nih.gov/genomes/all/GCF/002/204/575/GCF_002204575.1_ASM220457v1,GCA_002204575.1_Saureus_ISU926
ftp://ftp.ncbi.nlm.nih.gov/genomes/all/GCF/007/954/445/GCF_007954445.1_ASM795444v1,GCA_007954445.1_Saureus_BSN9S
ftp://ftp.ncbi.nlm.nih.gov/genomes/all/GCF/007/954/465/GCF_007954465.1_ASM795446v1,GCA_007954465.1_Saureus_BSN9R
ftp://ftp.ncbi.nlm.nih.gov/genomes/all/GCF/004/614/295/GCF_004614295.1_ASM461429v1,GCA_004614295.1_Saureus_C8879
ftp://ftp.ncbi.nlm.nih.gov/genomes/all/GCF/000/210/315/GCF_000210315.1_ASM21031v1,GCA_000210315.1_Saureus_ED133
ftp://ftp.ncbi.nlm.nih.gov/genomes/all/GCF/900/635/905/GCF_900635905.1_35910_F01,GCA_900635905.1_Saureus_NCTC13616
ftp://ftp.ncbi.nlm.nih.gov/genomes/all/GCF/000/284/535/GCF_000284535.1_ASM28453v1,GCA_000284535.1_Saureus_HO50960412
ftp://ftp.ncbi.nlm.nih.gov/genomes/all/GCF/002/442/975/GCF_002442975.1_ASM244297v1,GCA_002442975.1_Saureus_HZW450
ftp://ftp.ncbi.nlm.nih.gov/genomes/all/GCF/001/887/075/GCF_001887075.1_ASM188707v1,GCA_001887075.1_Saureus_LA-MRSAST398
ftp://ftp.ncbi.nlm.nih.gov/genomes/all/GCF/900/017/775/GCF_900017775.1_NZAK3,GCA_900017775.1_Saureus_NZAK3
ftp://ftp.ncbi.nlm.nih.gov/genomes/all/GCF/005/706/855/GCF_005706855.1_ASM570685v1,GCA_005706855.1_Saureus_Lr2
ftp://ftp.ncbi.nlm.nih.gov/genomes/all/GCF/001/046/095/GCF_001046095.2_ASM104609v2,GCA_001046095.2_Saureus_V2200
ftp://ftp.ncbi.nlm.nih.gov/genomes/all/GCF/005/705/635/GCF_005705635.1_ASM570563v1,GCA_005705635.1_Saureus_R46
ftp://ftp.ncbi.nlm.nih.gov/genomes/all/GCF/900/475/245/GCF_900475245.1_43024_E01,GCA_900475245.1_Saureus_NCTC8325
ftp://ftp.ncbi.nlm.nih.gov/genomes/all/GCF/003/073/415/GCF_003073415.1_ASM307341v1,GCA_003073415.1_Saureus_CAR
ftp://ftp.ncbi.nlm.nih.gov/genomes/all/GCF/003/203/675/GCF_003203675.1_ASM320367v1,GCA_003203675.1_Saureus_AR_0220
ftp://ftp.ncbi.nlm.nih.gov/genomes/all/GCF/900/475/055/GCF_900475055.1_42197_E02,GCA_900475055.1_Saureus_NCTC11940
ftp://ftp.ncbi.nlm.nih.gov/genomes/all/GCF/008/619/415/GCF_008619415.1_ASM861941v1,GCA_008619415.1_Saureus_KUH140046
ftp://ftp.ncbi.nlm.nih.gov/genomes/all/GCF/003/354/645/GCF_003354645.1_ASM335464v1,GCA_003354645.1_Saureus_128
ftp://ftp.ncbi.nlm.nih.gov/genomes/all/GCF/003/354/605/GCF_003354605.1_ASM335460v1,GCA_003354605.1_Saureus_422
ftp://ftp.ncbi.nlm.nih.gov/genomes/all/GCF/000/024/585/GCF_000024585.1_ASM2458v1,GCA_000024585.1_Saureus_ED98
ftp://ftp.ncbi.nlm.nih.gov/genomes/all/GCF/003/425/835/GCF_003425835.1_ASM342583v1,GCA_003425835.1_Saureus_28
ftp://ftp.ncbi.nlm.nih.gov/genomes/all/GCF/003/425/885/GCF_003425885.1_ASM342588v1,GCA_003425885.1_Saureus_82
ftp://ftp.ncbi.nlm.nih.gov/genomes/all/GCF/900/620/235/GCF_900620235.1_BPH2900,GCA_900620235.1_Saureus_BPH2900
ftp://ftp.ncbi.nlm.nih.gov/genomes/all/GCF/009/684/655/GCF_009684655.1_ASM968465v1,GCA_009684655.1_Saureus_ZY05
ftp://ftp.ncbi.nlm.nih.gov/genomes/all/GCF/008/619/935/GCF_008619935.1_ASM861993v1,GCA_008619935.1_Saureus_KUH180038
ftp://ftp.ncbi.nlm.nih.gov/genomes/all/GCF/000/025/145/GCF_000025145.1_ASM2514v1,GCA_000025145.2_Saureus_04-02981
ftp://ftp.ncbi.nlm.nih.gov/genomes/all/GCF/000/452/385/GCF_000452385.2_ASM45238v2,GCA_000452385.2_Saureus_Tager104
ftp://ftp.ncbi.nlm.nih.gov/genomes/all/GCF/001/019/125/GCF_001019125.2_ASM101912v2,GCA_001019125.2_Saureus_FDAARGOS_43
ftp://ftp.ncbi.nlm.nih.gov/genomes/all/GCF/000/011/265/GCF_000011265.1_ASM1126v1,GCA_000011265.1_Saureus_MW2
ftp://ftp.ncbi.nlm.nih.gov/genomes/all/GCF/005/890/035/GCF_005890035.1_ASM589003v1,GCA_005890035.1_Saureus_D592-HR
ftp://ftp.ncbi.nlm.nih.gov/genomes/all/GCF/005/954/685/GCF_005954685.1_ASM595468v1,GCA_005954685.1_Saureus_D592
ftp://ftp.ncbi.nlm.nih.gov/genomes/all/GCF/004/208/595/GCF_004208595.1_ASM420859v1,GCA_004208595.1_Saureus_592
ftp://ftp.ncbi.nlm.nih.gov/genomes/all/GCF/005/885/975/GCF_005885975.1_ASM588597v1,GCA_005885975.1_Saureus_Col52-A5
ftp://ftp.ncbi.nlm.nih.gov/genomes/all/GCF/001/900/185/GCF_001900185.1_ASM190018v1,GCA_001900185.1_Saureus_HG001
ftp://ftp.ncbi.nlm.nih.gov/genomes/all/GCF/007/726/325/GCF_007726325.1_ASM772632v1,GCA_007726325.1_Saureus_B3-14B
ftp://ftp.ncbi.nlm.nih.gov/genomes/all/GCF/001/019/535/GCF_001019535.2_ASM101953v2,GCA_001019535.2_Saureus_Mw2
ftp://ftp.ncbi.nlm.nih.gov/genomes/all/GCF/900/474/695/GCF_900474695.1_41004_B01,GCA_900474695.1_Saureus_NCTC5663
ftp://ftp.ncbi.nlm.nih.gov/genomes/all/GCF/009/739/755/GCF_009739755.1_ASM973975v1,GCA_009739755.1_Saureus_P1D8C2
ftp://ftp.ncbi.nlm.nih.gov/genomes/all/GCF/009/739/825/GCF_009739825.1_ASM973982v1,GCA_009739825.1_Saureus_P1D5C1
ftp://ftp.ncbi.nlm.nih.gov/genomes/all/GCF/009/739/845/GCF_009739845.1_ASM973984v1,GCA_009739845.1_Saureus_P1D1C1
ftp://ftp.ncbi.nlm.nih.gov/genomes/all/GCF/009/740/205/GCF_009740205.1_ASM974020v1,GCA_009740205.1_Saureus_P1D5C2
ftp://ftp.ncbi.nlm.nih.gov/genomes/all/GCF/009/739/795/GCF_009739795.1_ASM973979v1,GCA_009739795.1_Saureus_P1D7C1
ftp://ftp.ncbi.nlm.nih.gov/genomes/all/GCF/009/739/775/GCF_009739775.1_ASM973977v1,GCA_009739775.1_Saureus_P1D8C1
ftp://ftp.ncbi.nlm.nih.gov/genomes/all/GCF/001/019/395/GCF_001019395.2_ASM101939v2,GCA_001019395.2_Saureus_NRS484
ftp://ftp.ncbi.nlm.nih.gov/genomes/all/GCF/009/739/735/GCF_009739735.1_ASM973973v1,GCA_009739735.1_Saureus_P1D9C1
ftp://ftp.ncbi.nlm.nih.gov/genomes/all/GCF/009/739/865/GCF_009739865.1_ASM973986v1,GCA_009739865.1_Saureus_P1D14C1
ftp://ftp.ncbi.nlm.nih.gov/genomes/all/GCF/009/739/885/GCF_009739885.1_ASM973988v1,GCA_009739885.1_Saureus_P1D12C1
ftp://ftp.ncbi.nlm.nih.gov/genomes/all/GCF/001/580/495/GCF_001580495.1_ASM158049v1,GCA_001580495.1_Saureus_FORC_012
ftp://ftp.ncbi.nlm.nih.gov/genomes/all/GCF/000/009/645/GCF_000009645.1_ASM964v1,GCA_000009645.1_Saureus_N315
ftp://ftp.ncbi.nlm.nih.gov/genomes/all/GCF/001/019/305/GCF_001019305.2_ASM101930v2,GCA_001019305.2_Saureus_NRS70
ftp://ftp.ncbi.nlm.nih.gov/genomes/all/GCF/004/368/035/GCF_004368035.1_ASM436803v1,GCA_004368035.1_Saureus_2288
ftp://ftp.ncbi.nlm.nih.gov/genomes/all/GCF/003/354/545/GCF_003354545.1_ASM335454v1,GCA_003354545.1_Saureus_27
ftp://ftp.ncbi.nlm.nih.gov/genomes/all/GCF/003/354/905/GCF_003354905.1_ASM335490v1,GCA_003354905.1_Saureus_78
ftp://ftp.ncbi.nlm.nih.gov/genomes/all/GCF/003/354/745/GCF_003354745.1_ASM335474v1,GCA_003354745.1_Saureus_466
ftp://ftp.ncbi.nlm.nih.gov/genomes/all/GCF/003/354/625/GCF_003354625.1_ASM335462v1,GCA_003354625.1_Saureus_468
ftp://ftp.ncbi.nlm.nih.gov/genomes/all/GCF/003/354/725/GCF_003354725.1_ASM335472v1,GCA_003354725.1_Saureus_143
ftp://ftp.ncbi.nlm.nih.gov/genomes/all/GCF/002/795/285/GCF_002795285.1_ASM279528v1,GCA_002795285.1_Saureus_USA400-0051
ftp://ftp.ncbi.nlm.nih.gov/genomes/all/GCF/001/018/685/GCF_001018685.2_ASM101868v2,GCA_001018685.2_Saureus_TCH959
ftp://ftp.ncbi.nlm.nih.gov/genomes/all/GCF/900/324/355/GCF_900324355.1_10_5235,GCA_900324355.1_Saureus_10_5235
ftp://ftp.ncbi.nlm.nih.gov/genomes/all/GCF/000/144/955/GCF_000144955.1_ASM14495v1,GCA_000144955.1_Saureus_JKD6159
ftp://ftp.ncbi.nlm.nih.gov/genomes/all/GCF/000/626/615/GCF_000626615.2_ASM62661v3,GCA_000626615.3_Saureus_FDAARGOS_5
ftp://ftp.ncbi.nlm.nih.gov/genomes/all/GCF/003/609/915/GCF_003609915.1_ASM360991v1,GCA_003609915.1_Saureus_GN1
ftp://ftp.ncbi.nlm.nih.gov/genomes/all/GCF/000/012/045/GCF_000012045.1_ASM1204v1,GCA_000012045.1_Saureus_COL
ftp://ftp.ncbi.nlm.nih.gov/genomes/all/GCF/003/609/895/GCF_003609895.1_ASM360989v1,GCA_003609895.1_Saureus_GN3
ftp://ftp.ncbi.nlm.nih.gov/genomes/all/GCF/001/986/135/GCF_001986135.1_ASM198613v1,GCA_001986135.1_Saureus_SR434
ftp://ftp.ncbi.nlm.nih.gov/genomes/all/GCF/002/356/675/GCF_002356675.1_ASM235667v1,GCA_002356675.1_Saureus_JH4899
ftp://ftp.ncbi.nlm.nih.gov/genomes/all/GCF/003/186/105/GCF_003186105.1_ASM318610v1,GCA_003186105.1_Saureus_MOK063
ftp://ftp.ncbi.nlm.nih.gov/genomes/all/GCF/003/354/885/GCF_003354885.1_ASM335488v1,GCA_003354885.1_Saureus_164
ftp://ftp.ncbi.nlm.nih.gov/genomes/all/GCF/007/726/545/GCF_007726545.1_ASM772654v1,GCA_007726545.1_Saureus_B8-13D
ftp://ftp.ncbi.nlm.nih.gov/genomes/all/GCF/002/209/325/GCF_002209325.1_ASM220932v1,GCA_002209325.1_Saureus_FORC_045
ftp://ftp.ncbi.nlm.nih.gov/genomes/all/GCF/007/726/495/GCF_007726495.1_ASM772649v1,GCA_007726495.1_Saureus_B2-15A
ftp://ftp.ncbi.nlm.nih.gov/genomes/all/GCF/003/354/785/GCF_003354785.1_ASM335478v1,GCA_003354785.1_Saureus_85
ftp://ftp.ncbi.nlm.nih.gov/genomes/all/GCF/003/354/685/GCF_003354685.1_ASM335468v1,GCA_003354685.1_Saureus_277
ftp://ftp.ncbi.nlm.nih.gov/genomes/all/GCF/008/619/235/GCF_008619235.1_ASM861923v1,GCA_008619235.1_Saureus_KUH140013
ftp://ftp.ncbi.nlm.nih.gov/genomes/all/GCF/001/956/755/GCF_001956755.1_ASM195675v1,GCA_001956755.1_Saureus_SJTUF_J27
ftp://ftp.ncbi.nlm.nih.gov/genomes/all/GCF/001/444/345/GCF_001444345.1_ASM144434v1,GCA_001444345.1_Saureus_XQ
ftp://ftp.ncbi.nlm.nih.gov/genomes/all/GCF/002/025/125/GCF_002025125.1_ASM202512v1,GCA_002025125.1_Saureus_08S00974
ftp://ftp.ncbi.nlm.nih.gov/genomes/all/GCF/000/159/535/GCF_000159535.2_ASM15953v2,GCA_000159535.2_Saureus_TCH60
ftp://ftp.ncbi.nlm.nih.gov/genomes/all/GCF/005/931/055/GCF_005931055.1_ASM593105v1,GCA_005931055.1_Saureus_GD1696
ftp://ftp.ncbi.nlm.nih.gov/genomes/all/GCF/001/558/795/GCF_001558795.2_ASM155879v2,GCA_001558795.2_Saureus_FDAARGOS_159
ftp://ftp.ncbi.nlm.nih.gov/genomes/all/GCF/001/018/645/GCF_001018645.2_ASM101864v2,GCA_001018645.2_Saureus_FDAARGOS_2
ftp://ftp.ncbi.nlm.nih.gov/genomes/all/GCF/001/018/805/GCF_001018805.1_ASM101880v2,GCA_001018805.2_Saureus_FDAARGOS_15
ftp://ftp.ncbi.nlm.nih.gov/genomes/all/GCF/000/011/525/GCF_000011525.1_ASM1152v1,GCA_000011525.1_Saureus_MSSA476
ftp://ftp.ncbi.nlm.nih.gov/genomes/all/GCF/001/278/745/GCF_001278745.1_ASM127874v1,GCA_001278745.1_Saureus_HOU1444-VR
ftp://ftp.ncbi.nlm.nih.gov/genomes/all/GCF/002/140/115/GCF_002140115.1_ASM214011v1,GCA_002140115.1_Saureus_FORC_039
ftp://ftp.ncbi.nlm.nih.gov/genomes/all/GCF/001/457/495/GCF_001457495.1_NCTC13435,GCA_001457495.1_Saureus_NCTC13435
ftp://ftp.ncbi.nlm.nih.gov/genomes/all/GCF/001/656/045/GCF_001656045.1_ASM165604v1,GCA_001656045.1_Saureus_08-02119
ftp://ftp.ncbi.nlm.nih.gov/genomes/all/GCF/004/026/165/GCF_004026165.1_ASM402616v1,GCA_004026165.1_Saureus_PCFH-226
ftp://ftp.ncbi.nlm.nih.gov/genomes/all/GCF/004/193/875/GCF_004193875.1_ASM419387v1,GCA_004193875.1_Saureus_C3948
ftp://ftp.ncbi.nlm.nih.gov/genomes/all/GCF/000/237/125/GCF_000237125.2_ASM23712v3,GCA_000237125.3_Saureus_M013
ftp://ftp.ncbi.nlm.nih.gov/genomes/all/GCF/900/129/335/GCF_900129335.1_PP_HGAG_QV30_2SC_T4,GCA_900129335.1_Saureus_Clinicalisolate
ftp://ftp.ncbi.nlm.nih.gov/genomes/all/GCF/004/772/175/GCF_004772175.1_ASM477217v1,GCA_004772175.1_Saureus_O55
ftp://ftp.ncbi.nlm.nih.gov/genomes/all/GCF/003/073/755/GCF_003073755.1_ASM307375v1,GCA_003073755.1_Saureus_AR464
ftp://ftp.ncbi.nlm.nih.gov/genomes/all/GCF/002/089/115/GCF_002089115.2_ASM208911v2,GCA_002089115.2_Saureus_GD1539
ftp://ftp.ncbi.nlm.nih.gov/genomes/all/GCF/001/296/985/GCF_001296985.1_ASM129698v1,GCA_001296985.1_Saureus_GR2
ftp://ftp.ncbi.nlm.nih.gov/genomes/all/GCF/002/202/095/GCF_002202095.1_ASM220209v1,GCA_002202095.1_Saureus_Seattle1945
ftp://ftp.ncbi.nlm.nih.gov/genomes/all/GCF/000/189/455/GCF_000189455.2_ASM18945v3,GCA_000189455.3_Saureus_O46
ftp://ftp.ncbi.nlm.nih.gov/genomes/all/GCF/003/827/735/GCF_003827735.1_ASM382773v1,GCA_003827735.1_Saureus_ATCCBAA-39
ftp://ftp.ncbi.nlm.nih.gov/genomes/all/GCF/003/030/085/GCF_003030085.1_ASM303008v1,GCA_003030085.1_Saureus_CFSAN064037
ftp://ftp.ncbi.nlm.nih.gov/genomes/all/GCF/003/288/395/GCF_003288395.1_ASM328839v1,GCA_003288395.1_Saureus_AR_475
ftp://ftp.ncbi.nlm.nih.gov/genomes/all/GCF/002/089/095/GCF_002089095.2_ASM208909v2,GCA_002089095.2_Saureus_GD1677
ftp://ftp.ncbi.nlm.nih.gov/genomes/all/GCF/002/089/075/GCF_002089075.2_ASM208907v2,GCA_002089075.2_Saureus_GD705
ftp://ftp.ncbi.nlm.nih.gov/genomes/all/GCF/900/324/285/GCF_900324285.1_4_LA_208,GCA_900324285.1_Saureus_4_LA_208
ftp://ftp.ncbi.nlm.nih.gov/genomes/all/GCF/000/470/845/GCF_000470845.1_ASM47084v1,GCA_000470845.1_Saureus_SA957
ftp://ftp.ncbi.nlm.nih.gov/genomes/all/GCF/004/136/235/GCF_004136235.1_ASM413623v1,GCA_004136235.1_Saureus_M51
ftp://ftp.ncbi.nlm.nih.gov/genomes/all/GCF/003/073/635/GCF_003073635.1_ASM307363v1,GCA_003073635.1_Saureus_AR466
ftp://ftp.ncbi.nlm.nih.gov/genomes/all/GCF/002/633/805/GCF_002633805.1_ASM263380v1,GCA_002633805.1_Saureus_CFSAN007850
ftp://ftp.ncbi.nlm.nih.gov/genomes/all/GCF/001/618/305/GCF_001618305.1_ASM161830v1,GCA_001618305.1_Saureus_RIVM6519
ftp://ftp.ncbi.nlm.nih.gov/genomes/all/GCF/003/342/735/GCF_003342735.1_ASM334273v1,GCA_003342735.1_Saureus_E16SA093
ftp://ftp.ncbi.nlm.nih.gov/genomes/all/GCF/003/193/765/GCF_003193765.1_ASM319376v1,GCA_003193765.1_Saureus_AR_0471
ftp://ftp.ncbi.nlm.nih.gov/genomes/all/GCF/002/089/055/GCF_002089055.1_ASM208905v1,GCA_002089055.1_Saureus_GD5
ftp://ftp.ncbi.nlm.nih.gov/genomes/all/GCF/001/281/145/GCF_001281145.1_ASM128114v1,GCA_001281145.1_Saureus_SA564
ftp://ftp.ncbi.nlm.nih.gov/genomes/all/GCF/005/931/035/GCF_005931035.1_ASM593103v1,GCA_005931035.1_Saureus_GD1108
ftp://ftp.ncbi.nlm.nih.gov/genomes/all/GCF/003/431/365/GCF_003431365.1_ASM343136v1,GCA_003431365.1_Saureus_CFBR-105
ftp://ftp.ncbi.nlm.nih.gov/genomes/all/GCF/000/296/595/GCF_000296595.1_ASM29659v1,GCA_000296595.1_Saureus_08BA02176
ftp://ftp.ncbi.nlm.nih.gov/genomes/all/GCF/005/705/815/GCF_005705815.1_ASM570581v1,GCA_005705815.1_Saureus_Lr6
ftp://ftp.ncbi.nlm.nih.gov/genomes/all/GCF/007/726/525/GCF_007726525.1_ASM772652v1,GCA_007726525.1_Saureus_B4-59C
ftp://ftp.ncbi.nlm.nih.gov/genomes/all/GCF/007/726/465/GCF_007726465.1_ASM772646v1,GCA_007726465.1_Saureus_B2-7A
ftp://ftp.ncbi.nlm.nih.gov/genomes/all/GCF/002/202/075/GCF_002202075.1_ASM220207v1,GCA_002202075.1_Saureus_Seattle1945
ftp://ftp.ncbi.nlm.nih.gov/genomes/all/GCF/000/756/205/GCF_000756205.1_ASM75620v1,GCA_000756205.1_Saureus_ATCC25923
ftp://ftp.ncbi.nlm.nih.gov/genomes/all/GCF/004/771/975/GCF_004771975.1_ASM477197v1,GCA_004771975.1_Saureus_O408
ftp://ftp.ncbi.nlm.nih.gov/genomes/all/GCF/900/004/855/GCF_900004855.1_BB155,GCA_900004855.1_Saureus_BB155
ftp://ftp.ncbi.nlm.nih.gov/genomes/all/GCF/003/627/835/GCF_003627835.1_ASM362783v1,GCA_003627835.1_Saureus_O326
ftp://ftp.ncbi.nlm.nih.gov/genomes/all/GCF/001/465/635/GCF_001465635.1_ASM146563v1,GCA_001465635.1_Saureus_RIVM1295
ftp://ftp.ncbi.nlm.nih.gov/genomes/all/GCF/003/957/315/GCF_003957315.1_ASM395731v1,GCA_003957315.1_Saureus_PMB64-1
ftp://ftp.ncbi.nlm.nih.gov/genomes/all/GCF/001/548/295/GCF_001548295.1_ASM154829v1,GCA_001548295.1_Saureus_FDA209P
ftp://ftp.ncbi.nlm.nih.gov/genomes/all/GCF/003/184/985/GCF_003184985.1_ASM318498v1,GCA_003184985.1_Saureus_IT1-S
ftp://ftp.ncbi.nlm.nih.gov/genomes/all/GCF/003/185/005/GCF_003185005.1_ASM318500v1,GCA_003185005.1_Saureus_IT4-R
ftp://ftp.ncbi.nlm.nih.gov/genomes/all/GCF/900/474/675/GCF_900474675.1_40961_F01,GCA_900474675.1_Saureus_NCTC3761
ftp://ftp.ncbi.nlm.nih.gov/genomes/all/GCF/003/194/405/GCF_003194405.1_ASM319440v1,GCA_003194405.1_Saureus_CHU15-056
ftp://ftp.ncbi.nlm.nih.gov/genomes/all/GCF/002/025/145/GCF_002025145.1_ASM202514v1,GCA_002025145.1_Saureus_ATCC6538
ftp://ftp.ncbi.nlm.nih.gov/genomes/all/GCF/003/031/285/GCF_003031285.1_ASM303128v1,GCA_003031285.1_Saureus_TF3198
ftp://ftp.ncbi.nlm.nih.gov/genomes/all/GCF/003/490/125/GCF_003490125.1_ASM349012v1,GCA_003490125.1_Saureus_O17
ftp://ftp.ncbi.nlm.nih.gov/genomes/all/GCF/001/880/265/GCF_001880265.1_ASM188026v1,GCA_001880265.1_Saureus_SA40TW
ftp://ftp.ncbi.nlm.nih.gov/genomes/all/GCF/900/096/745/GCF_900096745.1_AUS0325,GCA_900096745.1_Saureus_AUS0325
ftp://ftp.ncbi.nlm.nih.gov/genomes/all/GCF/001/549/655/GCF_001549655.1_ASM154965v1,GCA_001549655.1_Saureus_TMUS2126
ftp://ftp.ncbi.nlm.nih.gov/genomes/all/GCF/001/549/675/GCF_001549675.1_ASM154967v1,GCA_001549675.1_Saureus_TMUS2134
ftp://ftp.ncbi.nlm.nih.gov/genomes/all/GCF/002/386/245/GCF_002386245.1_ASM238624v1,GCA_002386245.1_Saureus_FDAARGOS_412
ftp://ftp.ncbi.nlm.nih.gov/genomes/all/GCF/001/465/675/GCF_001465675.1_ASM146567v1,GCA_001465675.1_Saureus_RIVM1607
ftp://ftp.ncbi.nlm.nih.gov/genomes/all/GCF/005/707/215/GCF_005707215.1_ASM570721v1,GCA_005707215.1_Saureus_Lr12
ftp://ftp.ncbi.nlm.nih.gov/genomes/all/GCF/003/342/775/GCF_003342775.1_ASM334277v1,GCA_003342775.1_Saureus_F17SA003
ftp://ftp.ncbi.nlm.nih.gov/genomes/all/GCF/003/354/805/GCF_003354805.1_ASM335480v1,GCA_003354805.1_Saureus_54
ftp://ftp.ncbi.nlm.nih.gov/genomes/all/GCF/004/771/515/GCF_004771515.1_ASM477151v1,GCA_004771515.1_Saureus_B119
ftp://ftp.ncbi.nlm.nih.gov/genomes/all/GCF/009/731/595/GCF_009731595.1_ASM973159v1,GCA_009731595.1_Saureus_Tokyo12480
ftp://ftp.ncbi.nlm.nih.gov/genomes/all/GCF/001/018/775/GCF_001018775.2_ASM101877v2,GCA_001018775.2_Saureus_NRS149
ftp://ftp.ncbi.nlm.nih.gov/genomes/all/GCF/000/597/965/GCF_000597965.1_ASM59796v1,GCA_000597965.1_Saureus_502A
ftp://ftp.ncbi.nlm.nih.gov/genomes/all/GCF/002/803/885/GCF_002803885.1_ASM280388v1,GCA_002803885.1_Saureus_55-99-44
ftp://ftp.ncbi.nlm.nih.gov/genomes/all/GCF/005/931/015/GCF_005931015.1_ASM593101v1,GCA_005931015.1_Saureus_GD487
ftp://ftp.ncbi.nlm.nih.gov/genomes/all/GCF/002/786/535/GCF_002786535.1_ASM278653v1,GCA_002786535.1_Saureus_EDCC5464
ftp://ftp.ncbi.nlm.nih.gov/genomes/all/GCF/008/619/595/GCF_008619595.1_ASM861959v1,GCA_008619595.1_Saureus_KUH140087
ftp://ftp.ncbi.nlm.nih.gov/genomes/all/GCF/004/797/195/GCF_004797195.1_ASM479719v1,GCA_004797195.1_Saureus_O82
ftp://ftp.ncbi.nlm.nih.gov/genomes/all/GCF/900/474/555/GCF_900474555.1_40657_E01,GCA_900474555.1_Saureus_NCTC13137
ftp://ftp.ncbi.nlm.nih.gov/genomes/all/GCF/003/991/015/GCF_003991015.1_ASM399101v1,GCA_003991015.1_Saureus_USA100
ftp://ftp.ncbi.nlm.nih.gov/genomes/all/GCF/002/214/665/GCF_002214665.1_ASM221466v1,GCA_002214665.1_Saureus_FORC_040
ftp://ftp.ncbi.nlm.nih.gov/genomes/all/GCF/000/967/365/GCF_000967365.1_ASM96736v1,GCA_000967365.1_Saureus_ST228
ftp://ftp.ncbi.nlm.nih.gov/genomes/all/GCF/900/635/505/GCF_900635505.1_3012STDY6191362,GCA_900635505.1_Saureus_NCTC4163
ftp://ftp.ncbi.nlm.nih.gov/genomes/all/GCF/000/382/965/GCF_000382965.1_ASM38296v1,GCA_000382965.1_Saureus_ST228
ftp://ftp.ncbi.nlm.nih.gov/genomes/all/GCF/000/967/345/GCF_000967345.1_ASM96734v1,GCA_000967345.1_Saureus_ST228
ftp://ftp.ncbi.nlm.nih.gov/genomes/all/GCF/000/967/325/GCF_000967325.1_ASM96732v1,GCA_000967325.1_Saureus_ST228
ftp://ftp.ncbi.nlm.nih.gov/genomes/all/GCF/000/967/385/GCF_000967385.1_ASM96738v1,GCA_000967385.1_Saureus_ST228
ftp://ftp.ncbi.nlm.nih.gov/genomes/all/GCF/000/382/985/GCF_000382985.1_ASM38298v1,GCA_000382985.1_Saureus_ST228
ftp://ftp.ncbi.nlm.nih.gov/genomes/all/GCF/000/383/005/GCF_000383005.1_ASM38300v1,GCA_000383005.1_Saureus_ST228
ftp://ftp.ncbi.nlm.nih.gov/genomes/all/GCF/000/967/405/GCF_000967405.1_ASM96740v1,GCA_000967405.1_Saureus_ST228
ftp://ftp.ncbi.nlm.nih.gov/genomes/all/GCF/002/633/845/GCF_002633845.1_ASM263384v1,GCA_002633845.1_Saureus_CFSAN007883
ftp://ftp.ncbi.nlm.nih.gov/genomes/all/GCF/004/193/895/GCF_004193895.1_ASM419389v1,GCA_004193895.1_Saureus_H489
ftp://ftp.ncbi.nlm.nih.gov/genomes/all/GCF/000/160/335/GCF_000160335.2_ASM16033v2,GCA_000160335.2_Saureus_55/2053
ftp://ftp.ncbi.nlm.nih.gov/genomes/all/GCF/004/026/185/GCF_004026185.1_ASM402618v1,GCA_004026185.1_Saureus_PCFA-221
ftp://ftp.ncbi.nlm.nih.gov/genomes/all/GCF/007/826/355/GCF_007826355.1_ASM782635v1,GCA_007826355.1_Saureus_NP66
ftp://ftp.ncbi.nlm.nih.gov/genomes/all/GCF/008/619/795/GCF_008619795.1_ASM861979v1,GCA_008619795.1_Saureus_KUH140331
ftp://ftp.ncbi.nlm.nih.gov/genomes/all/GCF/000/463/055/GCF_000463055.1_ASM46305v1,GCA_000463055.1_Saureus_CN1
ftp://ftp.ncbi.nlm.nih.gov/genomes/all/GCF/900/474/565/GCF_900474565.1_41315_B01,GCA_900474565.1_Saureus_NCTC8726
ftp://ftp.ncbi.nlm.nih.gov/genomes/all/GCF/000/237/265/GCF_000237265.1_ASM23726v1,GCA_000237265.1_Saureus_LGA251
ftp://ftp.ncbi.nlm.nih.gov/genomes/all/GCF/900/635/305/GCF_900635305.1_40961_G01,GCA_900635305.1_Saureus_NCTC4137
ftp://ftp.ncbi.nlm.nih.gov/genomes/all/GCF/900/635/255/GCF_900635255.1_40415_D02,GCA_900635255.1_Saureus_NCTC13552
ftp://ftp.ncbi.nlm.nih.gov/genomes/all/GCF/003/073/775/GCF_003073775.1_ASM307377v1,GCA_003073775.1_Saureus_AR462
ftp://ftp.ncbi.nlm.nih.gov/genomes/all/GCF/900/635/095/GCF_900635095.1_33763_A01,GCA_900635095.1_Saureus_NCTC8317
ftp://ftp.ncbi.nlm.nih.gov/genomes/all/GCF/001/611/385/GCF_001611385.1_ASM161138v1,GCA_001611385.1_Saureus_ST20130943
ftp://ftp.ncbi.nlm.nih.gov/genomes/all/GCF/001/611/365/GCF_001611365.1_ASM161136v1,GCA_001611365.1_Saureus_ST20130942
ftp://ftp.ncbi.nlm.nih.gov/genomes/all/GCF/008/330/585/GCF_008330585.1_ASM833058v1,GCA_008330585.1_Saureus_CFSAN082783
ftp://ftp.ncbi.nlm.nih.gov/genomes/all/GCF/002/633/825/GCF_002633825.1_ASM263382v1,GCA_002633825.1_Saureus_CFSAN007851
ftp://ftp.ncbi.nlm.nih.gov/genomes/all/GCF/001/717/665/GCF_001717665.1_ASM171766v2,GCA_001717665.2_Saureus_2148.N
ftp://ftp.ncbi.nlm.nih.gov/genomes/all/GCF/005/707/335/GCF_005707335.1_ASM570733v1,GCA_005707335.1_Saureus_Lr3
ftp://ftp.ncbi.nlm.nih.gov/genomes/all/GCF/003/031/485/GCF_003031485.1_ASM303148v1,GCA_003031485.1_Saureus_CC5
ftp://ftp.ncbi.nlm.nih.gov/genomes/all/GCF/001/656/075/GCF_001656075.1_ASM165607v1,GCA_001656075.1_Saureus_08-02300
ftp://ftp.ncbi.nlm.nih.gov/genomes/all/GCF/000/009/005/GCF_000009005.1_ASM900v1,GCA_000009005.1_Saureus_RF122
ftp://ftp.ncbi.nlm.nih.gov/genomes/all/GCF/001/018/915/GCF_001018915.2_ASM101891v2,GCA_001018915.2_Saureus_NRS133
ftp://ftp.ncbi.nlm.nih.gov/genomes/all/GCF/007/813/675/GCF_007813675.1_ASM781367v1,GCA_007813675.1_Saureus_13
ftp://ftp.ncbi.nlm.nih.gov/genomes/all/GCF/000/462/955/GCF_000462955.1_ASM46295v1,GCA_000462955.1_Saureus_6850
ftp://ftp.ncbi.nlm.nih.gov/genomes/all/GCF/003/573/855/GCF_003573855.1_ASM357385v1,GCA_003573855.1_Saureus_JMUB1273
ftp://ftp.ncbi.nlm.nih.gov/genomes/all/GCF/900/620/225/GCF_900620225.1_BPH2819,GCA_900620225.1_Saureus_BPH2819
ftp://ftp.ncbi.nlm.nih.gov/genomes/all/GCF/003/855/575/GCF_003855575.1_ASM385557v1,GCA_003855575.1_Saureus_80wphwpl_v1
ftp://ftp.ncbi.nlm.nih.gov/genomes/all/GCF/002/850/415/GCF_002850415.1_ASM285041v1,GCA_002850415.1_Saureus_K18
ftp://ftp.ncbi.nlm.nih.gov/genomes/all/GCF/003/347/055/GCF_003347055.1_ASM334705v1,GCA_003347055.1_Saureus_FORC_061
ftp://ftp.ncbi.nlm.nih.gov/genomes/all/GCF/003/354/865/GCF_003354865.1_ASM335486v1,GCA_003354865.1_Saureus_45
ftp://ftp.ncbi.nlm.nih.gov/genomes/all/GCF/003/354/925/GCF_003354925.1_ASM335492v1,GCA_003354925.1_Saureus_135
ftp://ftp.ncbi.nlm.nih.gov/genomes/all/GCF/900/323/905/GCF_900323905.1_24117-WT,GCA_900323905.1_Saureus_24117-WT
ftp://ftp.ncbi.nlm.nih.gov/genomes/all/GCF/900/324/065/GCF_900324065.1_24117-SCV,GCA_900324065.1_Saureus_24117-SCV
ftp://ftp.ncbi.nlm.nih.gov/genomes/all/GCF/900/324/045/GCF_900324045.1_24117-REV,GCA_900324045.1_Saureus_24117-REV
ftp://ftp.ncbi.nlm.nih.gov/genomes/all/GCF/002/633/865/GCF_002633865.1_ASM263386v1,GCA_002633865.1_Saureus_CFSAN007894
ftp://ftp.ncbi.nlm.nih.gov/genomes/all/GCF/900/323/955/GCF_900323955.1_1549-REV,GCA_900323955.1_Saureus_1549-REV
ftp://ftp.ncbi.nlm.nih.gov/genomes/all/GCF/900/323/965/GCF_900323965.1_1549-SCV,GCA_900323965.1_Saureus_1549-SCV
ftp://ftp.ncbi.nlm.nih.gov/genomes/all/GCF/900/323/925/GCF_900323925.1_1549-WT,GCA_900323925.1_Saureus_1549-WT
ftp://ftp.ncbi.nlm.nih.gov/genomes/all/GCF/000/253/135/GCF_000253135.1_ASM25313v1,GCA_000253135.1_Saureus_ECT-R2
ftp://ftp.ncbi.nlm.nih.gov/genomes/all/GCF/002/850/395/GCF_002850395.1_ASM285039v1,GCA_002850395.1_Saureus_K17
ftp://ftp.ncbi.nlm.nih.gov/genomes/all/GCF/003/609/855/GCF_003609855.1_ASM360985v1,GCA_003609855.1_Saureus_JP080
ftp://ftp.ncbi.nlm.nih.gov/genomes/all/GCF/000/470/865/GCF_000470865.1_ASM47086v1,GCA_000470865.1_Saureus_SA40
ftp://ftp.ncbi.nlm.nih.gov/genomes/all/GCF/009/650/155/GCF_009650155.1_ASM965015v1,GCA_009650155.1_Saureus_CFSAN007894
ftp://ftp.ncbi.nlm.nih.gov/genomes/all/GCF/001/611/405/GCF_001611405.1_ASM161140v1,GCA_001611405.1_Saureus_ST20130938
ftp://ftp.ncbi.nlm.nih.gov/genomes/all/GCF/001/611/425/GCF_001611425.1_ASM161142v1,GCA_001611425.1_Saureus_ST20130939
ftp://ftp.ncbi.nlm.nih.gov/genomes/all/GCF/001/027/045/GCF_001027045.1_ASM102704v1,GCA_001027045.1_Saureus_RKI4
ftp://ftp.ncbi.nlm.nih.gov/genomes/all/GCF/900/620/215/GCF_900620215.1_BPH2760,GCA_900620215.1_Saureus_BPH2760
ftp://ftp.ncbi.nlm.nih.gov/genomes/all/GCF/002/089/035/GCF_002089035.2_ASM208903v2,GCA_002089035.2_Saureus_293G
ftp://ftp.ncbi.nlm.nih.gov/genomes/all/GCF/003/030/225/GCF_003030225.1_ASM303022v1,GCA_003030225.1_Saureus_CFSAN018750
ftp://ftp.ncbi.nlm.nih.gov/genomes/all/GCF/001/879/545/GCF_001879545.1_ASM187954v1,GCA_001879545.1_Saureus_FORC_026
ftp://ftp.ncbi.nlm.nih.gov/genomes/all/GCF/002/952/015/GCF_002952015.1_ASM295201v1,GCA_002952015.1_Saureus_K5
ftp://ftp.ncbi.nlm.nih.gov/genomes/all/GCF/900/474/665/GCF_900474665.1_41236_D02,GCA_900474665.1_Saureus_NCTC9752
ftp://ftp.ncbi.nlm.nih.gov/genomes/all/GCF/003/944/865/GCF_003944865.1_ASM394486v1,GCA_003944865.1_Saureus_80wphwpl
ftp://ftp.ncbi.nlm.nih.gov/genomes/all/GCF/001/456/215/GCF_001456215.1_ASM145621v1,GCA_001456215.1_Saureus_MS4
ftp://ftp.ncbi.nlm.nih.gov/genomes/all/GCF/003/010/875/GCF_003010875.1_ASM301087v1,GCA_003010875.1_Saureus_FORC59
ftp://ftp.ncbi.nlm.nih.gov/genomes/all/GCF/900/474/535/GCF_900474535.1_40853_C01,GCA_900474535.1_Saureus_NCTC7485
ftp://ftp.ncbi.nlm.nih.gov/genomes/all/GCF/001/018/655/GCF_001018655.2_ASM101865v2,GCA_001018655.2_Saureus_FDAARGOS_6
ftp://ftp.ncbi.nlm.nih.gov/genomes/all/GCF/001/018/735/GCF_001018735.2_ASM101873v2,GCA_001018735.2_Saureus_NRS137
ftp://ftp.ncbi.nlm.nih.gov/genomes/all/GCF/001/019/415/GCF_001019415.2_ASM101941v2,GCA_001019415.2_Saureus_NRS146
ftp://ftp.ncbi.nlm.nih.gov/genomes/all/GCF/001/019/275/GCF_001019275.2_ASM101927v2,GCA_001019275.2_Saureus_NRS107
ftp://ftp.ncbi.nlm.nih.gov/genomes/all/GCF/004/772/055/GCF_004772055.1_ASM477205v1,GCA_004772055.1_Saureus_O331
ftp://ftp.ncbi.nlm.nih.gov/genomes/all/GCF/000/245/495/GCF_000245495.1_ASM24549v1,GCA_000245495.1_Saureus_VC40
ftp://ftp.ncbi.nlm.nih.gov/genomes/all/GCF/003/203/655/GCF_003203655.1_ASM320365v1,GCA_003203655.1_Saureus_AR_0222
ftp://ftp.ncbi.nlm.nih.gov/genomes/all/GCF/001/611/325/GCF_001611325.1_ASM161132v1,GCA_001611325.1_Saureus_ST20130940
ftp://ftp.ncbi.nlm.nih.gov/genomes/all/GCF/001/611/345/GCF_001611345.1_ASM161134v1,GCA_001611345.1_Saureus_ST20130941
ftp://ftp.ncbi.nlm.nih.gov/genomes/all/GCF/002/633/765/GCF_002633765.1_ASM263376v1,GCA_002633765.1_Saureus_CFSAN007835
ftp://ftp.ncbi.nlm.nih.gov/genomes/all/GCF/001/594/205/GCF_001594205.1_ASM159420v1,GCA_001594205.1_Saureus_MCRF184
ftp://ftp.ncbi.nlm.nih.gov/genomes/all/GCF/001/641/045/GCF_001641045.1_ASM164104v1,GCA_001641045.1_Saureus_V605
ftp://ftp.ncbi.nlm.nih.gov/genomes/all/GCF/000/709/475/GCF_000709475.1_ASM70947v1,GCA_000709475.1_Saureus_XN108
