Group,ID-1,Locus_Tag,Protein1,symbol,name Prot1,Annotation,start,end,strand,Origin,ID-2,Locus_tag,Protein2,symbol,name Prot2,Annotation,start,end,strand,Origin
1,lcl_FN554767.1_cds_CBG27754.1_4887,EC042_pAA001,CBG27754.1,repA,replication protein A,GOA:D3H586;InterPro:IPR003446;InterPro:IPR017837;UniProtKB/TrEMBL:D3H586,13,870,+,plasmid
1,,,,,,,,,,,lcl_FN554767.1_cds_CBG27899.1_5030,EC042_pAA152,CBG27899.1,repA1,plasmid replication,GOA:D3H586;InterPro:IPR003446;InterPro:IPR017837;UniProtKB/TrEMBL:D3H586,107317,108174,-,plasmid,
2,lcl_FN554766.1_cds_CBG32839.1_5,EC042_0005,CBG32839.1,,transposase,GOA:D3GRG6;InterPro:IPR001584;InterPro:IPR012337;InterPro:IPR025948;UniProtKB/TrEMBL:D3GRG6,5687,6409,-,chrm
2,,,,,,,,,,,lcl_FN554766.1_cds_CBG33974.1_1140,EC042_1156,CBG33974.1,,transposase,GOA:D3GVA8;InterPro:IPR001584;InterPro:IPR012337;InterPro:IPR025948;UniProtKB/TrEMBL:D3GVA8,1236965,1237687,-,chrm,
2,,,,,,,,,,,lcl_FN554766.1_cds_CBG37110.1_4276,EC042_4285,CBG37110.1,,transposase,GOA:D3GRG6;InterPro:IPR001584;InterPro:IPR012337;InterPro:IPR025948;UniProtKB/TrEMBL:D3GRG6,4575077,4575799,+,chrm,
2,,,,,,,,,,,lcl_FN554766.1_cds_CBG34387.1_1553,EC042_1562,CBG34387.1,,transposase,GOA:D3GRG6;InterPro:IPR001584;InterPro:IPR012337;InterPro:IPR025948;UniProtKB/TrEMBL:D3GRG6,1631762,1632484,-,chrm,
2,,,,,,,,,,,lcl_FN554766.1_cds_CBG33347.1_513,EC042_0517,CBG33347.1,,transposase,GOA:D3GVA8;InterPro:IPR001584;InterPro:IPR012337;InterPro:IPR025948;UniProtKB/TrEMBL:D3GVA8,566333,567055,+,chrm,
2,,,,,,,,,,,lcl_FN554766.1_cds_CBG35615.1_2781,EC042_2782,CBG35615.1,,transposase,GOA:D3GRG6;InterPro:IPR001584;InterPro:IPR012337;InterPro:IPR025948;UniProtKB/TrEMBL:D3GRG6,2969552,2970274,+,chrm,
3,lcl_FN554766.1_cds_CBG32840.1_6,EC042_0006,CBG32840.1,,transposase,GOA:D3GRG7;InterPro:IPR009057;InterPro:IPR010921;UniProtKB/TrEMBL:D3GRG7,6514,7035,-,chrm
3,,,,,,,,,,,lcl_FN554766.1_cds_CBG35614.1_2780,EC042_2781,CBG35614.1,,transposase,GOA:D3H3T7;InterPro:IPR009057;InterPro:IPR010921;UniProtKB/TrEMBL:D3H3T7,2968917,2969447,+,chrm,
3,,,,,,,,,,,lcl_FN554766.1_cds_CBG34388.1_1554,EC042_1563,CBG34388.1,,transposase,GOA:D3GRG7;InterPro:IPR009057;InterPro:IPR010921;UniProtKB/TrEMBL:D3GRG7,1632589,1633110,-,chrm,
3,,,,,,,,,,,lcl_FN554766.1_cds_CBG33346.1_512,EC042_0516,CBG33346.1,,transposase,GOA:D3GRG7;InterPro:IPR009057;InterPro:IPR010921;UniProtKB/TrEMBL:D3GRG7,565707,566228,+,chrm,
3,,,,,,,,,,,lcl_FN554766.1_cds_CBG37109.1_4275,EC042_4284,CBG37109.1,,transposase,GOA:D3GRG7;InterPro:IPR009057;InterPro:IPR010921;UniProtKB/TrEMBL:D3GRG7,4574451,4574972,+,chrm,
3,,,,,,,,,,,lcl_FN554766.1_cds_CBG33975.1_1141,EC042_1157,CBG33975.1,,transposase,GOA:D3GRG7;InterPro:IPR009057;InterPro:IPR010921;UniProtKB/TrEMBL:D3GRG7,1237792,1238313,-,chrm,
4,lcl_FN554766.1_cds_CBG37613.1_4779,EC042_4790,CBG37613.1,,transposase,InterPro:IPR008878;UniProtKB/TrEMBL:D3GX29,5134657,5135004,-,chrm
4,,,,,,,,,,,lcl_FN554767.1_cds_CBG27767.1_4900,EC042_pAA013,CBG27767.1,,transposase,InterPro:IPR008878;UniProtKB/TrEMBL:D3H599,11336,11683,-,plasmid,
5,lcl_FN554766.1_cds_CBG37614.1_4780,EC042_4791,CBG37614.1,,transposase,GOA:D3GX30;InterPro:IPR002514;InterPro:IPR009057;UniProtKB/TrEMBL:D3GX30,5135001,5135402,-,chrm
5,,,,,,,,,,,lcl_FN554767.1_cds_CBG27768.1_4901,EC042_pAA014,CBG27768.1,,transposase,GOA:D3H5A0;InterPro:IPR002514;InterPro:IPR009057;UniProtKB/TrEMBL:D3H5A0,11680,12081,-,plasmid,
6,lcl_FN554766.1_cds_CBG37594.1_4760,EC042_4772,CBG37594.1,,putative polysaccharide deacetylase,GOA:D3GX11;InterPro:IPR002509;InterPro:IPR011330;UniProtKB/TrEMBL:D3GX11,5118217,5119038,-,chrm
6,,,,,,,,,,,lcl_FN554767.1_cds_CBG27775.1_4908,EC042_pAA021,CBG27775.1,shf,polysaccharide deacetylase,GOA:D3H5A7;InterPro:IPR002509;InterPro:IPR011330;UniProtKB/TrEMBL:D3H5A7,15610,16401,+,plasmid,
7,lcl_FN554766.1_cds_CBG37593.1_4759,EC042_4771,CBG37593.1,,glycosyl transferase,GOA:D3GX10;InterPro:IPR001296;UniProtKB/TrEMBL:D3GX10,5117126,5118214,-,chrm
7,,,,,,,,,,,lcl_FN554767.1_cds_CBG27776.1_4909,EC042_pAA022,CBG27776.1,,glycosyl transferase,GOA:D3H5A8;InterPro:IPR001296;UniProtKB/TrEMBL:D3H5A8,16404,17492,+,plasmid,
8,lcl_FN554766.1_cds_CBG37592.1_4758,EC042_4770,CBG37592.1,virK,virulence protein,InterPro:IPR007488;UniProtKB/TrEMBL:D3GX09,5116171,5117121,-,chrm
8,,,,,,,,,,,lcl_FN554767.1_cds_CBG27777.1_4910,EC042_pAA023,CBG27777.1,virK,virulence protein required for expression/correct membrane localisation of IcsA (VirG),InterPro:IPR007488;UniProtKB/TrEMBL:D3H5A9,17497,18447,+,plasmid,
9,lcl_FN554767.1_cds_CBG27781.1_4914,EC042_pAA027,CBG27781.1,,transposase,GOA:D3H573;InterPro:IPR001584;InterPro:IPR012337;InterPro:IPR025948;UniProtKB/TrEMBL:D3H573,20277,21167,-,plasmid
9,,,,,,,,,,,lcl_FN554767.1_cds_CBG27904.1_5035,EC042_pAA157,CBG27904.1,,transposase,GOA:D3H5H2;InterPro:IPR001584;InterPro:IPR012337;InterPro:IPR025948;UniProtKB/TrEMBL:D3H5H2,110767,111657,-,plasmid,
9,,,,,,,,,,,lcl_FN554767.1_cds_CBG27792.1_4925,EC042_pAA039,CBG27792.1,,transposase,GOA:D3H582;InterPro:IPR001584;InterPro:IPR012337;InterPro:IPR025948;UniProtKB/TrEMBL:D3H582,33619,34509,+,plasmid,
9,,,,,,,,,,,lcl_FN554767.1_cds_CBG27902.1_5033,EC042_pAA155,CBG27902.1,,transposase,GOA:D3H582;InterPro:IPR001584;InterPro:IPR012337;InterPro:IPR025948;UniProtKB/TrEMBL:D3H582,109528,110418,-,plasmid,
10,lcl_FN554766.1_cds_CBG32854.1_20,EC042_0020,CBG32854.1,insB,IS1 transposase B,GOA:D3H233;InterPro:IPR005063;UniProtKB/TrEMBL:D3H233,20565,20942,-,chrm
10,,,,,,,,,,,lcl_FN554767.1_cds_CBG27802.1_4935,EC042_pAA050,CBG27802.1,,transposase,GOA:D3H233;InterPro:IPR005063;UniProtKB/TrEMBL:D3H233,40269,40646,-,plasmid,
10,,,,,,,,,,,lcl_FN554766.1_cds_CBG34360.1_1526,EC042_1536,CBG37435.1,insB,transposase,GOA:D3GV35;InterPro:IPR003220;InterPro:IPR024431;UniProtKB/TrEMBL:D3GV35,4946694,4946969,-,chrm,
10,,,,,,,,,,,lcl_FN554766.1_cds_CBG35423.1_2589,EC042_2591,CBG35423.1,,putative insertion element IS1 protein InsB,GOA:D3H233;InterPro:IPR005063;UniProtKB/TrEMBL:D3H233,2746181,2746558,-,chrm,
10,,,,,,,,,,,lcl_FN554767.1_cds_CBG27788.1_4921,EC042_pAA034,CBG27788.1,,transposase,GOA:D3H233;InterPro:IPR005063;UniProtKB/TrEMBL:D3H233,27400,27777,+,plasmid,
11,lcl_FN554766.1_cds_CBG32855.1_21,EC042_0021,CBG32855.1,insA,IS1 transposase A,GOA:D3GV35;InterPro:IPR003220;InterPro:IPR024431;UniProtKB/TrEMBL:D3GV35,20987,21262,-,chrm
11,,,,,,,,,,,lcl_FN554766.1_cds_CBG36911.1_4077,EC042_4086,CBG36911.1,,transposase,GOA:D3GW99;InterPro:IPR003220;InterPro:IPR024431;UniProtKB/TrEMBL:D3GW99,4352641,4352916,-,chrm,
11,,,,,,,,,,,lcl_FN554766.1_cds_CBG37649.1_4815,EC042_4825,CBG37649.1,,transposase,GOA:D3GXX1;InterPro:IPR003220;InterPro:IPR024431;UniProtKB/TrEMBL:D3GXX1,5168154,5168429,-,chrm,
11,,,,,,,,,,,lcl_FN554766.1_cds_CBG36941.1_4107,EC042_4114,CBG36941.1,,transposase,GOA:D3GW99;InterPro:IPR003220;InterPro:IPR024431;UniProtKB/TrEMBL:D3GW99,4376849,4377124,-,chrm,
11,,,,,,,,,,,lcl_FN554767.1_cds_CBG27787.1_4920,EC042_pAA033,CBG27787.1,,transposase,GOA:D3GV35;InterPro:IPR003220;InterPro:IPR024431;UniProtKB/TrEMBL:D3GV35,27080,27355,+,plasmid,
11,,,,,,,,,,,lcl_FN554766.1_cds_CBG33422.1_588,EC042_0595,CBG33422.1,insA,insertion element IS1 protein InsA,GOA:D3GW99;InterPro:IPR003220;InterPro:IPR024431;UniProtKB/TrEMBL:D3GW99,665641,665916,-,chrm,
11,,,,,,,,,,,lcl_FN554766.1_cds_CBG34361.1_1527,EC042_1537,CBG34361.1,insA,transposase,GOA:D3GV35;InterPro:IPR003220;InterPro:IPR024431;UniProtKB/TrEMBL:D3GV35,1601300,1601575,-,chrm,
11,,,,,,,,,,,lcl_FN554766.1_cds_CBG37605.1_4771,EC042_4783,CBG37605.1,,transposase,GOA:D3GX22;InterPro:IPR003220;InterPro:IPR024431;UniProtKB/TrEMBL:D3GX22,5129176,5129451,+,chrm,
11,,,,,,,,,,,lcl_FN554767.1_cds_CBG27803.1_4936,EC042_pAA051,CBG27803.1,,transposase,GOA:D3GV35;InterPro:IPR003220;InterPro:IPR024431;UniProtKB/TrEMBL:D3GV35,40691,40966,-,plasmid,
11,,,,,,,,,,,lcl_FN554766.1_cds_CBG37668.1_4834,EC042_4845,CBG37668.1,,transposase,GOA:D3GXZ0;InterPro:IPR003220;InterPro:IPR024431;UniProtKB/TrEMBL:D3GXZ0,5187663,5187938,+,chrm,
11,,,,,,,,,,,lcl_FN554766.1_cds_CBG37435.1_4601,EC042_1536,CBG37435.1,insB,transposase,GOA:D3GV35;InterPro:IPR003220;InterPro:IPR024431;UniProtKB/TrEMBL:D3GV35,4946694,4946969,-,chrm,
11,,,,,,,,,,,lcl_FN554766.1_cds_CBG35424.1_2590,EC042_2592,CBG35424.1,,putative transposase,GOA:D3GV35;InterPro:IPR003220;InterPro:IPR024431;UniProtKB/TrEMBL:D3GV35,2746603,2746878,-,chrm,
12,lcl_FN554766.1_cds_CBG37405.1_4571,EC042_4581A,CBG37405.1,,transposase (partial),GOA:D3GV10;InterPro:IPR002514;InterPro:IPR009057;UniProtKB/TrEMBL:D3GV10,4915245,4915525,+,chrm
12,,,,,,,,,,,lcl_FN554767.1_cds_CBG27782.1_4915,EC042_pAA028,CBG27782.1,,transposase,GOA:D3H574;InterPro:IPR002514;InterPro:IPR009057;UniProtKB/TrEMBL:D3H574,21164,21490,-,plasmid,
12,,,,,,,,,,,lcl_FN554767.1_cds_CBG27905.1_5036,EC042_pAA158,CBG27905.1,,transposase,GOA:D3H5H3;InterPro:IPR002514;InterPro:IPR009057;UniProtKB/TrEMBL:D3H5H3,111654,111980,-,plasmid,
12,,,,,,,,,,,lcl_FN554767.1_cds_CBG27791.1_4924,EC042_pAA038,CBG27791.1,,transposase,GOA:D3H574;InterPro:IPR002514;InterPro:IPR009057;UniProtKB/TrEMBL:D3H574,33296,33622,+,plasmid,
13,lcl_FN554767.1_cds_CBG27900.1_5031,EC042_pAA153,CBG27900.1,repA2,replication regulatory protein 1,InterPro:IPR019661;UniProtKB/TrEMBL:D3H5G9,108474,108731,-,plasmid
13,,,,,,,,,,,lcl_FN554767.1_cds_CBG27907.1_5038,EC042_pAA160,CBG27907.1,repA2,replication regulatory protein 2,InterPro:IPR019661;UniProtKB/TrEMBL:D3H5G9,112802,113059,+,plasmid,
14,lcl_FN554766.1_cds_CBG33065.1_231,EC042_0233,CBG33065.1,,H repeat_associated protein,GOA:D3GS68;InterPro:IPR002559;UniProtKB/TrEMBL:D3GS68,273523,274659,+,chrm
14,,,,,,,,,,,lcl_FN554766.1_cds_CBG33416.1_582,EC042_0589,CBG33416.1,,H repeat_associated protein (putative transposase),GOA:D3GW94;InterPro:IPR002559;UniProtKB/TrEMBL:D3GW94,662561,663697,-,chrm,
15,lcl_FN554766.1_cds_CBG33421.1_587,EC042_0594,CBG33421.1,,putative insertion element IS1 protein InsB,GOA:D3GW98;InterPro:IPR005063;UniProtKB/TrEMBL:D3GW98,665219,665722,-,chrm
15,,,,,,,,,,,lcl_FN554766.1_cds_CBG37434.1_4600,EC042_4824,CBG37434.1,,transposase,GOA:D3GV34;InterPro:IPR005063;UniProtKB/TrEMBL:D3GV34,4946272,4946775,-,chrm,
15,,,,,,,,,,,lcl_FN554766.1_cds_CBG37648.1_4814,EC042_4824,CBG37434.1,,transposase,GOA:D3GV34;InterPro:IPR005063;UniProtKB/TrEMBL:D3GV34,4946272,4946775,-,chrm,
15,,,,,,,,,,,lcl_FN554766.1_cds_CBG36940.1_4106,EC042_4113,CBG36940.1,,transposase,GOA:D3GW98;InterPro:IPR005063;UniProtKB/TrEMBL:D3GW98,4376427,4376930,-,chrm,
15,,,,,,,,,,,lcl_FN554766.1_cds_CBG36910.1_4076,EC042_4085,CBG36910.1,,transposase,GOA:D3GW98;InterPro:IPR005063;UniProtKB/TrEMBL:D3GW98,4352219,4352722,-,chrm,
16,lcl_FN554766.1_cds_CBG33442.1_608,EC042_0617,CBG33442.1,hokE1,putative host cell_killing modulation protein,GOA:D3GWB9;InterPro:IPR000021;InterPro:IPR018084;UniProtKB/TrEMBL:D3GWB9,685956,686108,+,chrm
16,,,,,,,,,,,lcl_FN554766.1_cds_CBG33444.1_610,EC042_0619,CBG33444.1,hokE2,putative host cell_killing modulation protein,GOA:D3GWB9;InterPro:IPR000021;InterPro:IPR018084;UniProtKB/TrEMBL:D3GWB9,686458,686610,+,chrm,
17,lcl_FN554766.1_cds_CBG34093.1_1259,EC042_1272A,CBG34093.1,ldrA,small toxic polypeptide,InterPro:IPR025253;UniProtKB/TrEMBL:D3H2K0,1354495,1354602,-,chrm
17,,,,,,,,,,,lcl_FN554766.1_cds_CBG34094.1_1260,EC042_1272B,CBG34094.1,ldrB,small toxic polypeptide,InterPro:IPR025253;UniProtKB/TrEMBL:D3H2K1,1355030,1355137,-,chrm,
18,lcl_FN554766.1_cds_CBG34132.1_1298,EC042_1312,CBG34132.1,,putative phage exodeoxyribonuclease,GOA:D3H2N9;InterPro:IPR012337;UniProtKB/TrEMBL:D3H2N9,1398245,1400716,-,chrm
18,,,,,,,,,,,lcl_FN554766.1_cds_CBG34553.1_1719,EC042_1724,CBG34553.1,,putative exodeoxyribonuclease,GOA:D3GTE4;InterPro:IPR012337;UniProtKB/TrEMBL:D3GTE4,1807070,1809541,+,chrm,
19,lcl_FN554766.1_cds_CBG34137.1_1303,EC042_1317,CBG34137.1,,putative phage protein,UniProtKB/TrEMBL:D3H2P4,1403284,1403502,-,chrm
19,,,,,,,,,,,lcl_FN554766.1_cds_CBG35027.1_2193,EC042_2201,CBG35027.1,,putative prophage protein,UniProtKB/TrEMBL:D3GTE1,2267349,2267567,+,chrm,
19,,,,,,,,,,,lcl_FN554766.1_cds_CBG34550.1_1716,EC042_1721,CBG34550.1,,putative prophage protein,UniProtKB/TrEMBL:D3GTE1,1805815,1806033,+,chrm,
20,lcl_FN554766.1_cds_CBG34149.1_1315,EC042_1328,CBG34149.1,,putative phage protein,UniProtKB/TrEMBL:D3GYH3,1409283,1409465,+,chrm
20,,,,,,,,,,,lcl_FN554766.1_cds_CBG35019.1_2185,EC042_2193,CBG35019.1,,putative prophage protein,UniProtKB/TrEMBL:D3GYH3,2263046,2263228,-,chrm,
21,lcl_FN554766.1_cds_CBG34150.1_1316,EC042_1329,CBG34150.1,,putative phage protein,UniProtKB/TrEMBL:D3GYH2,1409458,1409634,+,chrm
21,,,,,,,,,,,lcl_FN554766.1_cds_CBG35018.1_2184,EC042_2192,CBG35018.1,,putative prophage protein,UniProtKB/TrEMBL:D3GYH2,2262877,2263053,-,chrm,
22,lcl_FN554766.1_cds_CBG34151.1_1317,EC042_1330,CBG34151.1,,putative phage protein,UniProtKB/TrEMBL:D3H2Q8,1409631,1409990,+,chrm
22,,,,,,,,,,,lcl_FN554766.1_cds_CBG35017.1_2183,EC042_2191,CBG35017.1,,putative prophage protein,UniProtKB/TrEMBL:D3GYH1,2262521,2262880,-,chrm,
23,lcl_FN554766.1_cds_CBG34154.1_1320,EC042_1333,CBG34154.1,,phage protein,UniProtKB/TrEMBL:D3H2R1,1410428,1410691,+,chrm
23,,,,,,,,,,,lcl_FN554766.1_cds_CBG35015.1_2181,EC042_2189,CBG35015.1,,putative prophage protein,UniProtKB/TrEMBL:D3GYG9,2261762,2262025,-,chrm,
24,lcl_FN554766.1_cds_CBG34157.1_1323,EC042_1336,CBG34157.1,hokD1,putative host cell_killing modulation protein,GOA:D3GYG6;InterPro:IPR000021;InterPro:IPR018084;UniProtKB/TrEMBL:D3GYG6,1411502,1411657,+,chrm
24,,,,,,,,,,,lcl_FN554766.1_cds_CBG35012.1_2178,EC042_2186,CBG35012.1,hokD2,putative prophage protein,GOA:D3GYG6;InterPro:IPR000021;InterPro:IPR018084;UniProtKB/TrEMBL:D3GYG6,2260402,2260557,-,chrm,
25,lcl_FN554766.1_cds_CBG34163.1_1329,EC042_1342,CBG34163.1,,phage protein,InterPro:IPR003615;InterPro:IPR010373;UniProtKB/TrEMBL:D3H2S0,1414222,1415268,+,chrm
25,,,,,,,,,,,lcl_FN554766.1_cds_CBG35009.1_2175,EC042_2183,CBG35009.1,,putative prophage protein,InterPro:IPR003615;InterPro:IPR010373;UniProtKB/TrEMBL:D3GYG3,2258240,2259289,-,chrm,
26,lcl_FN554766.1_cds_CBG34164.1_1330,EC042_1343,CBG34164.1,,putative phage endodeoxyribonuclease,GOA:D3H2S1;InterPro:IPR008822;InterPro:IPR016281;UniProtKB/TrEMBL:D3H2S1,1415281,1415655,+,chrm
26,,,,,,,,,,,lcl_FN554766.1_cds_CBG35008.1_2174,EC042_2182,CBG35008.1,,putative prophage endonuclease,GOA:D3GYG2;InterPro:IPR008822;InterPro:IPR016281;UniProtKB/TrEMBL:D3GYG2,2257871,2258227,-,chrm,
27,lcl_FN554766.1_cds_CBG34165.1_1331,EC042_1344,CBG34165.1,,phage antitermination protein,GOA:D3H2S2;InterPro:IPR001305;InterPro:IPR003222;UniProtKB/TrEMBL:D3H2S2,1415652,1416473,+,chrm
27,,,,,,,,,,,lcl_FN554766.1_cds_CBG35007.1_2173,EC042_2181,CBG35007.1,,prophage antitermination protein,GOA:D3GYG1;InterPro:IPR001305;InterPro:IPR003222;UniProtKB/TrEMBL:D3GYG1,2257035,2257856,-,chrm,
28,lcl_FN554766.1_cds_CBG34169.1_1335,EC042_1348,CBG34169.1,,putative phage lysis protein,InterPro:IPR007054;UniProtKB/TrEMBL:D3H2S6,1421298,1421591,+,chrm
28,,,,,,,,,,,lcl_FN554766.1_cds_CBG35003.1_2169,EC042_2177,CBG35003.1,,putative prophage lysis protein,InterPro:IPR007054;UniProtKB/TrEMBL:D3GYF8,2254420,2254740,-,chrm,
29,lcl_FN554766.1_cds_CBG34171.1_1337,EC042_1349,CBG34171.1,,putative phage lysozyme,GOA:D3H2S8;InterPro:IPR002196;InterPro:IPR023346;InterPro:IPR023347;UniProtKB/TrEMBL:D3H2S8,1421967,1422500,+,chrm
29,,,,,,,,,,,lcl_FN554766.1_cds_CBG34528.1_1694,EC042_1703E,CBG34528.1,,probable prophage lysozyme (endolysin),GOA:D3GSL0;InterPro:IPR002196;InterPro:IPR023346;InterPro:IPR023347;UniProtKB/TrEMBL:D3GSL0,1791700,1792248,-,chrm,
29,,,,,,,,,,,lcl_FN554766.1_cds_CBG35001.1_2167,EC042_2175,CBG35001.1,,prophage lysozyme,GOA:D3GYF6;InterPro:IPR002196;InterPro:IPR023346;InterPro:IPR023347;UniProtKB/TrEMBL:D3GYF6,2253468,2254001,-,chrm,
30,lcl_FN554766.1_cds_CBG34175.1_1341,EC042_1353,CBG34175.1,,putative phage protein,InterPro:IPR025030;UniProtKB/TrEMBL:D3H3D1,1424039,1424272,-,chrm
30,,,,,,,,,,,lcl_FN554766.1_cds_CBG34522.1_1688,EC042_1702,CBG34522.1,,putative conserved hypothetical protein,InterPro:IPR025030;UniProtKB/TrEMBL:D3GSK4,1789054,1789287,+,chrm,
31,lcl_FN554766.1_cds_CBG34193.1_1359,EC042_1371,CBG34193.1,,phage minor tail protein,InterPro:IPR010265;UniProtKB/TrEMBL:D3H3E9,1437812,1438141,+,chrm
31,,,,,,,,,,,lcl_FN554766.1_cds_CBG34507.1_1673,EC042_1685,CBG34507.1,,phage minor tail protein,InterPro:IPR010265;UniProtKB/TrEMBL:D3GSI9,1775410,1775739,-,chrm,
32,lcl_FN554766.1_cds_CBG34194.1_1360,EC042_1372,CBG34194.1,,phage minor tail protein,InterPro:IPR006487;UniProtKB/TrEMBL:D3H3F0,1438141,1438839,+,chrm
32,,,,,,,,,,,lcl_FN554766.1_cds_CBG34333.1_1499,EC042_1509,CBG34333.1,,putative phage minor tail protein,InterPro:IPR006487;UniProtKB/TrEMBL:D3H4H2,1569751,1570449,+,chrm,
32,,,,,,,,,,,lcl_FN554766.1_cds_CBG34506.1_1672,EC042_1684,CBG34506.1,,phage minor tail protein,InterPro:IPR006487;UniProtKB/TrEMBL:D3GSI8,1774712,1775410,-,chrm,
32,,,,,,,,,,,lcl_FN554766.1_cds_CBG34963.1_2129,EC042_2138,CBG34963.1,,prophage minor tail protein,InterPro:IPR006487;UniProtKB/TrEMBL:D3GXM9,2224496,2225194,-,chrm,
33,lcl_FN554766.1_cds_CBG34195.1_1361,EC042_1373,CBG34195.1,,phage tail assembly protein,InterPro:IPR000064;InterPro:IPR000555;InterPro:IPR028090;UniProtKB/TrEMBL:D3H3F1,1438844,1439587,+,chrm
33,,,,,,,,,,,lcl_FN554766.1_cds_CBG34962.1_2128,EC042_2137,CBG34962.1,,putative prophage tail assembly protein,InterPro:IPR000064;InterPro:IPR000555;InterPro:IPR028090;UniProtKB/TrEMBL:D3GXM8,2223748,2224533,-,chrm,
33,,,,,,,,,,,lcl_FN554766.1_cds_CBG34505.1_1671,EC042_1683,CBG34505.1,,putative phage minor tail protein,InterPro:IPR000064;InterPro:IPR000555;InterPro:IPR028090;UniProtKB/TrEMBL:D3GSI7,1773963,1774706,-,chrm,
33,,,,,,,,,,,lcl_FN554766.1_cds_CBG34334.1_1500,EC042_1510,CBG34334.1,,putative phage tail assembly protein,InterPro:IPR000064;InterPro:IPR000555;InterPro:IPR028090;UniProtKB/TrEMBL:D3H4H3,1570454,1571197,+,chrm,
34,lcl_FN554766.1_cds_CBG34199.1_1365,EC042_1377,CBG34199.1,lom,putative prophage_encoded outer membrane protein,GOA:D3H3F5;InterPro:IPR000758;InterPro:IPR011250;InterPro:IPR017690;UniProtKB/TrEMBL:D3H3F5,1444151,1444750,+,chrm
34,,,,,,,,,,,lcl_FN554766.1_cds_CBG34337.1_1503,EC042_1513,CBG34337.1,,putative prophage_encoded outer membrane protein,GOA:D3H4H6;InterPro:IPR000758;InterPro:IPR011250;InterPro:IPR017690;UniProtKB/TrEMBL:D3H4H6,1575266,1575865,+,chrm,
34,,,,,,,,,,,lcl_FN554766.1_cds_CBG34502.1_1668,EC042_1680,CBG34502.1,,putative prophage_encoded outer membrane protein,GOA:D3GSI4;InterPro:IPR000758;InterPro:IPR011250;InterPro:IPR017690;UniProtKB/TrEMBL:D3GSI4,1769251,1769850,-,chrm,
34,,,,,,,,,,,lcl_FN554766.1_cds_CBG34959.1_2125,EC042_2134,CBG34959.1,,putative prophage_encoded outer membrane protein,GOA:D3GXM5;InterPro:IPR000758;InterPro:IPR011250;InterPro:IPR017690;UniProtKB/TrEMBL:D3GXM5,2219080,2219679,-,chrm,
35,lcl_FN554766.1_cds_CBG34201.1_1367,EC042_1379,CBG34201.1,tfaR,phage tail fiber assembly protein,InterPro:IPR003458;UniProtKB/TrEMBL:D3H3F7,1447916,1448500,+,chrm
35,,,,,,,,,,,lcl_FN554766.1_cds_CBG34500.1_1666,EC042_1678,CBG34500.1,tfaQ,tail fiber assembly protein,InterPro:IPR003458;UniProtKB/TrEMBL:D3GSI2,1765648,1766223,-,chrm,
36,lcl_FN554766.1_cds_CBG34304.1_1470,EC042_1481,CBG34304.1,,putative phage protein,InterPro:IPR010382;UniProtKB/TrEMBL:D3H4E3,1545755,1546171,+,chrm
36,,,,,,,,,,,lcl_FN554766.1_cds_CBG34543.1_1709,EC042_1714,CBG34543.1,,putative prophage protein,InterPro:IPR010382;UniProtKB/TrEMBL:D3GSM5,1802698,1803120,-,chrm,
37,lcl_FN554766.1_cds_CBG34335.1_1501,EC042_1511,CBG34335.1,,putative phage tail assembly protein,InterPro:IPR010654;UniProtKB/TrEMBL:D3H4H4,1571134,1571742,+,chrm
37,,,,,,,,,,,lcl_FN554766.1_cds_CBG34961.1_2127,EC042_2136,CBG34961.1,,putative prophage tail assembly protein,InterPro:IPR010654;UniProtKB/TrEMBL:D3GXM7,2223203,2223751,-,chrm,
38,lcl_FN554766.1_cds_CBG34336.1_1502,EC042_1512,CBG34336.1,,putative phage host specificity protein,InterPro:IPR003961;InterPro:IPR015406;InterPro:IPR021034;UniProtKB/TrEMBL:D3H4H5,1571803,1575198,+,chrm
38,,,,,,,,,,,lcl_FN554766.1_cds_CBG34503.1_1669,EC042_1681,CBG34503.1,,phage host specificity protein,InterPro:IPR003961;InterPro:IPR015406;InterPro:IPR021034;UniProtKB/TrEMBL:D3GSI5,1769920,1773333,-,chrm,
38,,,,,,,,,,,lcl_FN554766.1_cds_CBG34960.1_2126,EC042_2135,CBG34960.1,,prophage host specificity protein,InterPro:IPR003961;InterPro:IPR015406;InterPro:IPR021034;UniProtKB/TrEMBL:D3GXM6,2219747,2223142,-,chrm,
39,lcl_FN554766.1_cds_CBG34339.1_1505,EC042_1515,CBG34339.1,,putative phage protein,UniProtKB/TrEMBL:D3H4H8,1578305,1578586,+,chrm
39,,,,,,,,,,,lcl_FN554766.1_cds_CBG34957.1_2123,EC042_2132,CBG34957.1,,putative prophage protein,UniProtKB/TrEMBL:D3GXM3,2216338,2216619,-,chrm,
40,lcl_FN554766.1_cds_CBG34341.1_1507,EC042_1517,CBG34341.1,,putative phage protein,UniProtKB/TrEMBL:D3H4I0,1579673,1579972,+,chrm
40,,,,,,,,,,,lcl_FN554766.1_cds_CBG34955.1_2121,EC042_2130,CBG34955.1,,putative prophage protein,UniProtKB/TrEMBL:D3GXM1,2215326,2215613,-,chrm,
41,lcl_FN554766.1_cds_CBG34447.1_1613,EC042_1625,CBG34447.1,gadB,glutamate decarboxylase beta subunit,GOA:D3GRM6;InterPro:IPR002129;InterPro:IPR010107;InterPro:IPR015421;InterPro:IPR015424;InterPro:IPR021115;UniProtKB/TrEMBL:D3GRM6,1699700,1701100,-,chrm
41,,,,,,,,,,,lcl_FN554766.1_cds_CBG36637.1_3803,EC042_3812,CBG36637.1,gadA,glutamate decarboxylase alpha subunit,GOA:D3H0W6;InterPro:IPR002129;InterPro:IPR010107;InterPro:IPR015421;InterPro:IPR015424;InterPro:IPR021115;UniProtKB/TrEMBL:D3H0W6,4042972,4044372,-,chrm,
42,lcl_FN554766.1_cds_CBG34987.1_2153,EC042_2161,CBG34987.1,,putative prophage single_stranded DNA binding protein,GOA:D3GYE2;InterPro:IPR000424;InterPro:IPR011344;InterPro:IPR012340;UniProtKB/TrEMBL:D3GYE2,2243677,2244102,-,chrm
42,,,,,,,,,,,lcl_FN554766.1_cds_CBG35261.1_2427,EC042_2428,CBG35261.1,,putative single_strand DNA binding prophage protein,GOA:D3H0M7;InterPro:IPR000424;InterPro:IPR011344;InterPro:IPR012340;UniProtKB/TrEMBL:D3H0M7,2557520,2557945,+,chrm,
43,lcl_FN554766.1_cds_CBG35066.1_2232,EC042_2236A,CBG35066.1,,conserved hypothetical protein,InterPro:IPR021696;UniProtKB/TrEMBL:D3GX32,2327335,2327742,-,chrm
43,,,,,,,,,,,lcl_FN554766.1_cds_CBG37616.1_4782,EC042_4793,CBG37616.1,,conserved hypothetical protein,InterPro:IPR021696;UniProtKB/TrEMBL:D3GX32,5136158,5136565,-,chrm,
43,,,,,,,,,,,lcl_FN554766.1_cds_CBG37341.1_4507,EC042_4519,CBG37341.1,,conserved hypothetical protein,InterPro:IPR021696;UniProtKB/TrEMBL:D3GU32,4850065,4850454,+,chrm,
44,lcl_FN554766.1_cds_CBG35067.1_2233,EC042_2237,CBG35067.1,,conserved hypothetical protein,InterPro:IPR021723;UniProtKB/TrEMBL:D3GYM1,2327996,2328565,-,chrm
44,,,,,,,,,,,lcl_FN554766.1_cds_CBG37617.1_4783,EC042_4794,CBG37617.1,,conserved hypothetical protein,InterPro:IPR021723;UniProtKB/TrEMBL:D3GX33,5136819,5137388,-,chrm,
44,,,,,,,,,,,lcl_FN554766.1_cds_CBG37340.1_4506,EC042_4518,CBG37340.1,,conserved hypothetical protein,InterPro:IPR021723;UniProtKB/TrEMBL:D3GU31,4849334,4849903,+,chrm,
45,lcl_FN554766.1_cds_CBG35068.1_2234,EC042_2238,CBG35068.1,,hypothetical protein,UniProtKB/TrEMBL:D3GYM2,2328764,2328958,+,chrm
45,,,,,,,,,,,lcl_FN554766.1_cds_CBG37618.1_4784,EC042_4795,CBG37618.1,,hypothetical protein,UniProtKB/TrEMBL:D3GX34,5137587,5137787,+,chrm,
46,lcl_FN554766.1_cds_CBG35070.1_2236,EC042_2239,CBG35070.1,,conserved hypothetical protein,UniProtKB/TrEMBL:D3GYM4,2330575,2331183,+,chrm
46,,,,,,,,,,,lcl_FN554766.1_cds_CBG37621.1_4787,EC042_4798,CBG37621.1,,conserved hypothetical protein,UniProtKB/TrEMBL:D3GX37,5139312,5139920,+,chrm,
47,lcl_FN554766.1_cds_CBG35073.1_2239,EC042_2241,CBG35073.1,,putative GTP_binding protein,GOA:D3GYM7;InterPro:IPR006073;InterPro:IPR027417;UniProtKB/TrEMBL:D3GYM7,2334180,2335091,+,chrm
47,,,,,,,,,,,lcl_FN554766.1_cds_CBG37334.1_4500,EC042_4512,CBG37334.1,,putative ATP/GTP_binding protein,GOA:D3GU25;InterPro:IPR006073;InterPro:IPR027417;UniProtKB/TrEMBL:D3GU25,4843446,4844318,-,chrm,
47,,,,,,,,,,,lcl_FN554766.1_cds_CBG37625.1_4791,EC042_4802,CBG37625.1,,putative ATP/GTP_binding protein,GOA:D3GX41;InterPro:IPR006073;InterPro:IPR027417;UniProtKB/TrEMBL:D3GX41,5142124,5142996,+,chrm,
48,lcl_FN554766.1_cds_CBG35074.1_2240,EC042_2242,CBG35074.1,flu1,antigen 43 precursor (fluffing protein) (autotransporter),InterPro:IPR005546;InterPro:IPR011050;InterPro:IPR012332;InterPro:IPR024973;UniProtKB/TrEMBL:D3GYM8,2335419,2338538,+,chrm
48,,,,,,,,,,,lcl_FN554766.1_cds_CBG37333.1_4499,EC042_4511,CBG37333.1,flu2,,InterPro:IPR005546;InterPro:IPR011050;InterPro:IPR012332;InterPro:IPR024973;UniProtKB/TrEMBL:D3GU24,4839993,4843118,-,chrm,
49,lcl_FN554766.1_cds_CBG35075.1_2241,EC042_2243,CBG35075.1,,putative membrane protein,UniProtKB/TrEMBL:D3GZ66,2338653,2341175,+,chrm
49,,,,,,,,,,,lcl_FN554766.1_cds_CBG37332.1_4498,EC042_4510,CBG37332.1,,putative membrane protein,UniProtKB/TrEMBL:D3GU23,4837356,4839872,-,chrm,
50,lcl_FN554766.1_cds_CBG35076.1_2242,EC042_2244,CBG35076.1,,putative exported protein,UniProtKB/TrEMBL:D3GZ67,2341251,2341706,+,chrm
50,,,,,,,,,,,lcl_FN554766.1_cds_CBG37331.1_4497,EC042_4509,CBG37331.1,,conserved hypothetical protein,UniProtKB/TrEMBL:D3GU22,4836825,4837280,-,chrm,
51,lcl_FN554766.1_cds_CBG35077.1_2243,EC042_2244A,CBG35077.1,,conserved hypothetical protein,GOA:D3GU21;InterPro:IPR009253;InterPro:IPR015146;UniProtKB/TrEMBL:D3GU21,2341785,2342018,+,chrm
51,,,,,,,,,,,lcl_FN554766.1_cds_CBG37330.1_4496,EC042_4508A,CBG37330.1,,putative plasmid_related protein,GOA:D3GU21;InterPro:IPR009253;InterPro:IPR015146;UniProtKB/TrEMBL:D3GU21,4836513,4836746,-,chrm,
52,lcl_FN554766.1_cds_CBG35078.1_2244,EC042_2245,CBG35078.1,,conserved hypothetical protein,InterPro:IPR026325;UniProtKB/TrEMBL:D3GZ69,2342118,2342936,+,chrm
52,,,,,,,,,,,lcl_FN554766.1_cds_CBG36049.1_3215,EC042_3221,CBG36049.1,,conserved hypothetical protein,InterPro:IPR026325;UniProtKB/TrEMBL:D3GUT0,3436895,3437713,+,chrm,
52,,,,,,,,,,,lcl_FN554766.1_cds_CBG37628.1_4794,EC042_4805,CBG37628.1,,conserved hypothetical protein,InterPro:IPR026325;UniProtKB/TrEMBL:D3GX44,5146599,5147417,+,chrm,
52,,,,,,,,,,,lcl_FN554766.1_cds_CBG37329.1_4495,EC042_4507,CBG37329.1,,conserved hypothetical protein,InterPro:IPR026325;UniProtKB/TrEMBL:D3GU20,4835595,4836413,-,chrm,
53,lcl_FN554766.1_cds_CBG35079.1_2245,EC042_2246,CBG35079.1,,putative antirestriction protein,InterPro:IPR004914;UniProtKB/TrEMBL:D3GZ70,2343018,2343497,+,chrm
53,,,,,,,,,,,lcl_FN554766.1_cds_CBG37328.1_4494,EC042_4506,CBG37328.1,,putative plasmid_related protein,InterPro:IPR004914;UniProtKB/TrEMBL:D3GU19,4834820,4835293,-,chrm,
53,,,,,,,,,,,lcl_FN554766.1_cds_CBG36050.1_3216,EC042_3222,CBG36050.1,,putative antirestriction protein,InterPro:IPR004914;UniProtKB/TrEMBL:D3GUT1,3437804,3438289,+,chrm,
54,lcl_FN554766.1_cds_CBG35080.1_2246,EC042_2247,CBG35080.1,,putative DNA repair protein,InterPro:IPR001405;InterPro:IPR020891;InterPro:IPR025657;UniProtKB/TrEMBL:D3GZ71,2343498,2343989,+,chrm
54,,,,,,,,,,,lcl_FN554766.1_cds_CBG37630.1_4796,EC042_4807,CBG37630.1,,putative RadC_like DNA repair protein,InterPro:IPR001405;InterPro:IPR020891;InterPro:IPR025657;UniProtKB/TrEMBL:D3GUT2,5148233,5148724,+,chrm,
54,,,,,,,,,,,lcl_FN554766.1_cds_CBG37327.1_4493,EC042_4505,CBG37327.1,,putative plasmid_related protein,InterPro:IPR001405;InterPro:IPR020891;InterPro:IPR025657;UniProtKB/TrEMBL:D3GU18,4834328,4834819,-,chrm,
54,,,,,,,,,,,lcl_FN554766.1_cds_CBG36051.1_3217,EC042_3223,CBG36051.1,,putative DNA repair protein,InterPro:IPR001405;InterPro:IPR020891;InterPro:IPR025657;UniProtKB/TrEMBL:D3GUT2,3438290,3438781,+,chrm,
55,lcl_FN554766.1_cds_CBG35081.1_2247,EC042_2247A,CBG35081.1,,conserved hypothetical protein,InterPro:IPR009329;UniProtKB/TrEMBL:D3GUT3,2344052,2344273,+,chrm
55,,,,,,,,,,,lcl_FN554766.1_cds_CBG37326.1_4492,EC042_4504,CBG37326.1,,conserved hypothetical protein,InterPro:IPR009329;UniProtKB/TrEMBL:D3GU17,4834020,4834241,-,chrm,
55,,,,,,,,,,,lcl_FN554766.1_cds_CBG37631.1_4797,EC042_4808,CBG37631.1,,conserved hypothetical protein,InterPro:IPR009329;UniProtKB/TrEMBL:D3GX47,5148787,5149008,+,chrm,
55,,,,,,,,,,,lcl_FN554766.1_cds_CBG36052.1_3218,EC042_3224,CBG36052.1,,conserved hypothetical protein,InterPro:IPR009329;UniProtKB/TrEMBL:D3GUT3,3438844,3439065,+,chrm,
56,lcl_FN554766.1_cds_CBG35082.1_2248,EC042_2248,CBG35082.1,,conserved hypothetical protein,InterPro:IPR009320;UniProtKB/TrEMBL:D3GZ73,2344347,2344715,+,chrm
56,,,,,,,,,,,lcl_FN554766.1_cds_CBG37325.1_4491,EC042_4503,CBG37325.1,,conserved hypothetical protein,InterPro:IPR009320;UniProtKB/TrEMBL:D3GU16,4833563,4833940,-,chrm,
56,,,,,,,,,,,lcl_FN554766.1_cds_CBG36053.1_3219,EC042_3225,CBG36053.1,,conserved hypothetical protein,InterPro:IPR009320;UniProtKB/TrEMBL:D3GUT4,3439145,3439522,+,chrm,
57,lcl_FN554766.1_cds_CBG35083.1_2249,EC042_2249,CBG35083.1,,conserved hypothetical protein,InterPro:IPR009610;UniProtKB/TrEMBL:D3GZ74,2344804,2345178,+,chrm
57,,,,,,,,,,,lcl_FN554766.1_cds_CBG37633.1_4799,EC042_4810,CBG37633.1,,conserved hypothetical protein,InterPro:IPR009610;UniProtKB/TrEMBL:D3GX49,5149629,5150003,+,chrm,
58,lcl_FN554766.1_cds_CBG35999.1_3165,EC042_3174,CBG35999.1,,integrase,GOA:D3GUN1;InterPro:IPR002104;InterPro:IPR011010;InterPro:IPR013762;InterPro:IPR023109;InterPro:IPR025166;UniProtKB/TrEMBL:D3GUN1,3387398,3388663,+,chrm
58,,,,,,,,,,,lcl_FN554766.1_cds_CBG37436.1_4602,EC042_4610,CBG37436.1,,integrase,GOA:D3GV36;InterPro:IPR002104;InterPro:IPR011010;InterPro:IPR013762;InterPro:IPR018247;InterPro:IPR023109;InterPro:IPR025166;UniProtKB/TrEMBL:D3GV36,4947382,4948644,-,chrm,
59,lcl_FN554766.1_cds_CBG36006.1_3172,EC042_3180,CBG36006.1,,conserved hypothetical protein,UniProtKB/TrEMBL:D3GUN8,3398271,3398915,-,chrm
59,,,,,,,,,,,lcl_FN554766.1_cds_CBG37378.1_4544,EC042_4556,CBG37378.1,,conserved hypothetical protein,UniProtKB/TrEMBL:D3GUY7,4889316,4889960,+,chrm,
60,lcl_FN554766.1_cds_CBG36007.1_3173,EC042_3181,CBG36007.1,,putative transcriptional regulator,InterPro:IPR024684;UniProtKB/TrEMBL:D3GUN9,3398936,3399205,-,chrm
60,,,,,,,,,,,lcl_FN554766.1_cds_CBG37377.1_4543,EC042_4555,CBG37377.1,,putative transcriptional regulator,InterPro:IPR024684;UniProtKB/TrEMBL:D3GUN9,4889026,4889295,+,chrm,
61,lcl_FN554766.1_cds_CBG36008.1_3174,EC042_3182,CBG36008.1,,ParB_like nuclease,InterPro:IPR003115;UniProtKB/TrEMBL:D3GUP0,3399284,3399922,-,chrm
61,,,,,,,,,,,lcl_FN554766.1_cds_CBG37376.1_4542,EC042_4554,CBG37376.1,,ParB_like nuclease,InterPro:IPR003115;UniProtKB/TrEMBL:D3GUY5,4888303,4888947,+,chrm,
62,lcl_FN554766.1_cds_CBG36009.1_3175,EC042_3183,CBG36009.1,,conserved hypothetical protein,GOA:D3GUP1;InterPro:IPR002500;InterPro:IPR014729;InterPro:IPR021845;UniProtKB/TrEMBL:D3GUP1,3399907,3401139,-,chrm
62,,,,,,,,,,,lcl_FN554766.1_cds_CBG37375.1_4541,EC042_4553,CBG37375.1,,conserved hypothetical protein,GOA:D3GUY4;InterPro:IPR002500;InterPro:IPR014729;InterPro:IPR021845;UniProtKB/TrEMBL:D3GUY4,4887086,4888318,+,chrm,
63,lcl_FN554766.1_cds_CBG36012.1_3178,EC042_3187,CBG36012.1,,putative helicase,GOA:D3GUP3;InterPro:IPR000212;InterPro:IPR011528;InterPro:IPR014017;InterPro:IPR027417;UniProtKB/TrEMBL:D3GUP3,3403782,3405569,-,chrm
63,,,,,,,,,,,lcl_FN554766.1_cds_CBG37370.1_4536,EC042_4548,CBG37370.1,,conserved hypothetical protein,GOA:D3GUX9;InterPro:IPR000212;InterPro:IPR011528;InterPro:IPR014016;InterPro:IPR014017;InterPro:IPR027417;InterPro:IPR027785;UniProtKB/TrEMBL:D3GUX9,4881858,4883645,+,chrm,
64,lcl_FN554766.1_cds_CBG36014.1_3180,EC042_3189,CBG36014.1,,phage protein,InterPro:IPR025317;UniProtKB/TrEMBL:D3GUP5,3406645,3406836,+,chrm
64,,,,,,,,,,,lcl_FN554766.1_cds_CBG37345.1_4511,EC042_4523,CBG37345.1,,conserved hypothetical protein,InterPro:IPR025317;UniProtKB/TrEMBL:D3GU36,4852177,4852368,-,chrm,
65,lcl_FN554766.1_cds_CBG36015.1_3181,EC042_3190,CBG36015.1,,conserved hypothetical protein,UniProtKB/TrEMBL:D3GUP6,3406889,3407122,-,chrm
65,,,,,,,,,,,lcl_FN554766.1_cds_CBG37344.1_4510,EC042_4522,CBG37344.1,,conserved hypothetical protein,UniProtKB/TrEMBL:D3GU35,4851891,4852124,+,chrm,
66,lcl_FN554766.1_cds_CBG36016.1_3182,EC042_3191,CBG36016.1,,putative DNA_binding protein,GOA:D3GUP7;UniProtKB/TrEMBL:D3GUP7,3407218,3407853,-,chrm
66,,,,,,,,,,,lcl_FN554766.1_cds_CBG37343.1_4509,EC042_4521,CBG37343.1,,conserved hypothetical protein,UniProtKB/TrEMBL:D3GU34,4851172,4851795,+,chrm,
67,lcl_FN554766.1_cds_CBG36040.1_3206,EC042_3212,CBG36040.1,insI,transposase InsI for insertion sequence element IS30b/c/d,GOA:D3GUS1;InterPro:IPR001584;InterPro:IPR001598;InterPro:IPR012337;InterPro:IPR025246;UniProtKB/TrEMBL:D3GUS1,3427233,3428384,-,chrm
67,,,,,,,,,,,lcl_FN554766.1_cds_CBG37425.1_4591,EC042_4597,CBG37425.1,,transposase,GOA:D3GV27;InterPro:IPR001584;InterPro:IPR001598;InterPro:IPR012337;InterPro:IPR025246;UniProtKB/TrEMBL:D3GV27,4931764,4932915,+,chrm,
68,lcl_FN554766.1_cds_CBG36054.1_3220,EC042_3226,CBG36054.1,,conserved hypothetical protein,InterPro:IPR009610;UniProtKB/TrEMBL:D3GUT5,3439569,3439946,+,chrm
68,,,,,,,,,,,lcl_FN554766.1_cds_CBG37324.1_4490,EC042_4502,CBG37324.1,,conserved hypothetical protein,InterPro:IPR009610;UniProtKB/TrEMBL:D3GU15,4833139,4833516,-,chrm,
69,lcl_FN554766.1_cds_CBG36057.1_3223,EC042_3229,CBG36057.1,,conserved hypothetical protein,InterPro:IPR025714;UniProtKB/TrEMBL:D3GUT8,3440725,3441567,+,chrm
69,,,,,,,,,,,lcl_FN554766.1_cds_CBG37322.1_4488,EC042_4500,CBG37322.1,,conserved hypothetical protein,InterPro:IPR025714;UniProtKB/TrEMBL:D3GU13,4831793,4832635,-,chrm,
70,lcl_FN554766.1_cds_CBG36425.1_3591,EC042_3600,CBG36425.1,tufB,elongation factor Tu,GOA:D3GYV8;InterPro:IPR000795;InterPro:IPR004160;InterPro:IPR004161;InterPro:IPR004541;InterPro:IPR005225;InterPro:IPR009000;InterPro:IPR009001;InterPro:IPR027417;UniProtKB/TrEMBL:D3GYV8,3816407,3817591,-,chrm
70,,,,,,,,,,,lcl_FN554766.1_cds_CBG37171.1_4337,EC042_4347,CBG37171.1,tufA,elongation factor Tu,GOA:D3GS28;InterPro:IPR000795;InterPro:IPR004160;InterPro:IPR004161;InterPro:IPR004541;InterPro:IPR005225;InterPro:IPR009000;InterPro:IPR009001;InterPro:IPR027417;UniProtKB/TrEMBL:D3GS28,4650337,4651521,+,chrm,
71,lcl_FN554766.1_cds_CBG36664.1_3830,EC042_3839,CBG36664.1,ldrC,small toxic polypeptide,InterPro:IPR025253;UniProtKB/TrEMBL:D3H0Z3,4079060,4079167,-,chrm
71,,,,,,,,,,,lcl_FN554766.1_cds_CBG36667.1_3833,EC042_3842,CBG36667.1,ldrF,small toxic polypeptide,InterPro:IPR025253;UniProtKB/TrEMBL:D3H0Z4,4080509,4080616,-,chrm,
71,,,,,,,,,,,lcl_FN554766.1_cds_CBG36668.1_3834,EC042_3843,CBG36668.1,ldrG,small toxic polypeptide,InterPro:IPR025253;UniProtKB/TrEMBL:D3H0Z5,4080992,4081099,-,chrm,
71,,,,,,,,,,,lcl_FN554766.1_cds_CBG36665.1_3831,EC042_3840,CBG36665.1,ldrD,small toxic polypeptide,InterPro:IPR025253;UniProtKB/TrEMBL:D3H0Z4,4079543,4079650,-,chrm,
71,,,,,,,,,,,lcl_FN554766.1_cds_CBG36666.1_3832,EC042_3841,CBG36666.1,ldrE,small toxic polypeptide,InterPro:IPR025253;UniProtKB/TrEMBL:D3H0Z5,4080026,4080133,-,chrm,
72,lcl_FN554766.1_cds_CBG37338.1_4504,EC042_4515,CBG37338.1,,putative phage_related regulatory protein,InterPro:IPR010260;UniProtKB/TrEMBL:D3GU29,4847600,4847878,-,chrm
72,,,,,,,,,,,lcl_FN554766.1_cds_CBG37620.1_4786,EC042_4797,CBG37620.1,,putative regulatory protein,InterPro:IPR010260;UniProtKB/TrEMBL:D3GX36,5138945,5139223,+,chrm,
73,lcl_FN554766.1_cds_CBG37357.1_4523,EC042_4535,CBG37357.1,,putative type VI secretion protein,InterPro:IPR021326;UniProtKB/TrEMBL:D3GUW6,4867307,4867984,+,chrm
73,,,,,,,,,,,lcl_FN554766.1_cds_CBG37358.1_4524,EC042_4536,CBG37358.1,,putative type VI secretion protein,InterPro:IPR021326;UniProtKB/TrEMBL:D3GUW7,4868128,4868805,+,chrm,
74,lcl_FN554766.1_cds_CBG37410.1_4576,EC042_4584,CBG37410.1,,transposase,GOA:D3GV14;InterPro:IPR002525;InterPro:IPR003346;UniProtKB/TrEMBL:D3GV14,4918128,4919261,+,chrm
74,,,,,,,,,,,lcl_FN554766.1_cds_CBG37413.1_4579,EC042_4587,CBG37413.1,,putative transposase,GOA:D3GV15;InterPro:IPR002525;InterPro:IPR003346;UniProtKB/TrEMBL:D3GV15,4920245,4921378,+,chrm,
75,lcl_FN554766.1_cds_CBG37414.1_4580,EC042_4588,CBG37414.1,,transposase,InterPro:IPR004291;InterPro:IPR024463;InterPro:IPR024474;UniProtKB/TrEMBL:D3GV16,4921488,4923056,-,chrm
75,,,,,,,,,,,lcl_FN554766.1_cds_CBG37582.1_4748,EC042_4761,CBG37582.1,,transposase,InterPro:IPR004291;InterPro:IPR024463;InterPro:IPR024474;UniProtKB/TrEMBL:D3GWZ9,5105199,5106812,+,chrm,
76,lcl_FN554766.1_cds_CBG37415.1_4581,EC042_4589,CBG37415.1,,transposase,InterPro:IPR008878;UniProtKB/TrEMBL:D3GV17,4923087,4923437,-,chrm
76,,,,,,,,,,,lcl_FN554766.1_cds_CBG37581.1_4747,EC042_4760,CBG37581.1,,transposase,InterPro:IPR008878;UniProtKB/TrEMBL:D3GWZ8,5104818,5105168,+,chrm,
77,lcl_FN554766.1_cds_CBG37578.1_4744,EC042_4757,CBG37578.1,,transposase,GOA:D3GWZ6;InterPro:IPR002514;InterPro:IPR009057;UniProtKB/TrEMBL:D3GWZ6,5103084,5103449,+,chrm
77,,,,,,,,,,,lcl_FN554766.1_cds_CBG37636.1_4802,EC042_4813,CBG37636.1,,transposase,GOA:D3GX52;InterPro:IPR002514;InterPro:IPR009057;UniProtKB/TrEMBL:D3GX52,5151006,5151416,-,chrm,
