Group,ID-1,Locus_Tag,Protein1,symbol,name Prot1,Annotation,start,end,strand,Origin,pseudo,ID-2,Locus_tag,Protein2,symbol,name Prot2,Annotation,start,end,strand,Origin,pseudo
1,lcl_NZ_CP013994.1_prot_WP_002347126.1_1238,AWJ25_RS06360,WP_002347126.1,n.a,IS1182_like element ISEfa7 family transposase,n.a,1264192,1265727,+,NZ_CP013994.1,false
1,,,,,,,,,,,lcl_NZ_CP013994.1_prot_WP_002312603.1_2449,AWJ25_RS12635,WP_002312603.1,n.a,IS1182_like element ISEfa7 family transposase,n.a,2531324,2532787,+,NZ_CP013994.1,false
1,,,,,,,,,,,lcl_NZ_CP013994.1_prot_WP_002322125.1_2432,AWJ25_RS12540,WP_002322125.1,n.a,IS1182_like element ISEfa7 family transposase,n.a,2514744,2516207,-,NZ_CP013994.1,false
1,,,,,,,,,,,lcl_NZ_CP013994.1_prot_WP_002322125.1_2120,AWJ25_RS10960,WP_002322125.1,n.a,IS1182_like element ISEfa7 family transposase,n.a,2165515,2166978,+,NZ_CP013994.1,false
1,,,,,,,,,,,lcl_NZ_CP013994.1_prot_2465,AWJ25_RS12715,n.a,n.a,IS1182_like element ISEfa7 family transposase,n.a,2543926,2545389,+,NZ_CP013994.1,true
1,,,,,,,,,,,lcl_NZ_CP013995.1_prot_WP_059355947.1_2812,AWJ25_RS14655,WP_059355947.1,n.a,IS1182 family transposase,n.a,2319,3941,-,NZ_CP013995.1,false
2,lcl_NZ_CP013994.1_prot_WP_000222572.1_115,AWJ25_RS00575,WP_000222572.1,n.a,IS30 family transposase,n.a,113622,114575,-,NZ_CP013994.1,false
2,,,,,,,,,,,lcl_NZ_CP013994.1_prot_WP_000222572.1_1047,AWJ25_RS05390,WP_000222572.1,n.a,IS30 family transposase,n.a,1069940,1070893,-,NZ_CP013994.1,false
2,,,,,,,,,,,lcl_NZ_CP013996.1_prot_WP_000222571.1_3234,AWJ25_RS16800,WP_000222571.1,n.a,IS30 family transposase,n.a,9637,10590,+,NZ_CP013996.1,false
2,,,,,,,,,,,lcl_NZ_CP013994.1_prot_WP_000222572.1_542,AWJ25_RS02795,WP_000222572.1,n.a,IS30 family transposase,n.a,556815,557768,-,NZ_CP013994.1,false
2,,,,,,,,,,,lcl_NZ_CP013994.1_prot_WP_000222572.1_2015,AWJ25_RS10425,WP_000222572.1,n.a,IS30 family transposase,n.a,2050778,2051731,+,NZ_CP013994.1,false
2,,,,,,,,,,,lcl_NZ_CP013994.1_prot_WP_000222572.1_1658,AWJ25_RS08495,WP_000222572.1,n.a,IS30 family transposase,n.a,1711031,1711984,-,NZ_CP013994.1,false
2,,,,,,,,,,,lcl_NZ_CP013994.1_prot_WP_002326066.1_1402,AWJ25_RS07190,WP_002326066.1,n.a,IS30 family transposase,n.a,1438979,1439932,+,NZ_CP013994.1,false
2,,,,,,,,,,,lcl_NZ_CP013994.1_prot_WP_002286097.1_1762,AWJ25_RS09120,WP_002286097.1,n.a,IS30 family transposase,n.a,1829476,1830429,-,NZ_CP013994.1,false
2,,,,,,,,,,,lcl_NZ_CP013994.1_prot_WP_002325884.1_2443,AWJ25_RS12600,WP_002325884.1,n.a,IS30 family transposase,n.a,2524311,2525264,+,NZ_CP013994.1,false
2,,,,,,,,,,,lcl_NZ_CP013995.1_prot_WP_002325884.1_2875,AWJ25_RS14975,WP_002325884.1,n.a,IS30 family transposase,n.a,53433,54386,-,NZ_CP013995.1,false
2,,,,,,,,,,,lcl_NZ_CP013994.1_prot_WP_002302055.1_880,AWJ25_RS04545,WP_002302055.1,n.a,IS30 family transposase,n.a,899233,900186,-,NZ_CP013994.1,false
2,,,,,,,,,,,lcl_NZ_CP013994.1_prot_WP_000222572.1_1181,AWJ25_RS06070,WP_000222572.1,n.a,IS30 family transposase,n.a,1216719,1217672,+,NZ_CP013994.1,false
3,lcl_NZ_CP013994.1_prot_WP_002354485.1_1438,AWJ25_RS07370,WP_002354485.1,n.a,IS6_like element IS1216 family transposase,n.a,1480797,1481483,-,NZ_CP013994.1,false
3,,,,,,,,,,,lcl_NZ_CP013996.1_prot_WP_002354485.1_3252,AWJ25_RS16890,WP_002354485.1,n.a,IS6_like element IS1216 family transposase,n.a,28468,29154,-,NZ_CP013996.1,false
3,,,,,,,,,,,lcl_NZ_CP013994.1_prot_WP_002354485.1_2024,AWJ25_RS10470,WP_002354485.1,n.a,IS6_like element IS1216 family transposase,n.a,2060612,2061298,-,NZ_CP013994.1,false
3,,,,,,,,,,,lcl_NZ_CP013995.1_prot_WP_086322086.1_3066,AWJ25_RS15960,WP_086322086.1,n.a,IS6_like element IS1216 family transposase,n.a,236808,237494,+,NZ_CP013995.1,false
3,,,,,,,,,,,lcl_NZ_CP013995.1_prot_WP_094868189.1_2968,AWJ25_RS15475,WP_094868189.1,n.a,IS6_like element IS1216 family transposase,n.a,145971,146657,+,NZ_CP013995.1,false
3,,,,,,,,,,,lcl_NZ_CP013995.1_prot_WP_014125696.1_3215,AWJ25_RS16705,WP_014125696.1,n.a,IS6_like element IS1216 family transposase,n.a,375975,376661,-,NZ_CP013995.1,false
3,,,,,,,,,,,lcl_NZ_CP013995.1_prot_2998,AWJ25_RS15630,n.a,n.a,IS6 family transposase,n.a,175939,176619,-,NZ_CP013995.1,true
3,,,,,,,,,,,lcl_NZ_CP013995.1_prot_WP_094932144.1_3140,AWJ25_RS16335,WP_094932144.1,n.a,IS6_like element IS1216 family transposase,n.a,303807,304499,+,NZ_CP013995.1,false
3,,,,,,,,,,,lcl_NZ_CP013995.1_prot_3024,AWJ25_RS15760,n.a,n.a,IS6 family transposase,n.a,199528,200208,-,NZ_CP013995.1,true
3,,,,,,,,,,,lcl_NZ_CP013996.1_prot_WP_002354485.1_3240,AWJ25_RS16830,WP_002354485.1,n.a,IS6_like element IS1216 family transposase,n.a,17861,18547,+,NZ_CP013996.1,false
3,,,,,,,,,,,lcl_NZ_CP013995.1_prot_WP_002354485.1_3132,AWJ25_RS16295,WP_002354485.1,n.a,IS6_like element IS1216 family transposase,n.a,299765,300451,-,NZ_CP013995.1,false
3,,,,,,,,,,,lcl_NZ_CP013996.1_prot_WP_014748745.1_3263,AWJ25_RS16950,WP_014748745.1,n.a,IS6_like element IS1216 family transposase,n.a,37239,37925,+,NZ_CP013996.1,false
3,,,,,,,,,,,lcl_NZ_CP013995.1_prot_WP_085910366.1_3019,AWJ25_RS15735,WP_085910366.1,n.a,IS6_like element IS1216 family transposase,n.a,194545,195231,+,NZ_CP013995.1,false
3,,,,,,,,,,,lcl_NZ_CP013996.1_prot_WP_002354485.1_3275,AWJ25_RS16990,WP_002354485.1,n.a,IS6_like element IS1216 family transposase,n.a,44029,44715,-,NZ_CP013996.1,false
3,,,,,,,,,,,lcl_NZ_CP013995.1_prot_WP_001015311.1_2829,AWJ25_RS14735,WP_001015311.1,n.a,IS6_like element IS1216 family transposase,n.a,17420,18100,-,NZ_CP013995.1,false
3,,,,,,,,,,,lcl_NZ_CP013995.1_prot_WP_002354485.1_2848,AWJ25_RS14835,WP_002354485.1,n.a,IS6_like element IS1216 family transposase,n.a,32526,33212,+,NZ_CP013995.1,false
3,,,,,,,,,,,lcl_NZ_CP013996.1_prot_WP_002354485.1_3281,AWJ25_RS17020,WP_002354485.1,n.a,IS6_like element IS1216 family transposase,n.a,48606,49292,+,NZ_CP013996.1,false
3,,,,,,,,,,,lcl_NZ_CP013996.1_prot_WP_013330747.1_3243,AWJ25_RS16845,WP_013330747.1,n.a,IS6_like element IS1216 family transposase,n.a,19825,20511,-,NZ_CP013996.1,false
3,,,,,,,,,,,lcl_NZ_CP013995.1_prot_WP_002354485.1_2845,AWJ25_RS14820,WP_002354485.1,n.a,IS6_like element IS1216 family transposase,n.a,29777,30463,+,NZ_CP013995.1,false
4,lcl_NZ_CP013995.1_prot_WP_086968564.1_2830,AWJ25_RS14745,WP_086968564.1,n.a,IS3 family transposase,n.a,18211,19352,+,NZ_CP013995.1,false
4,,,,,,,,,,,lcl_NZ_CP013995.1_prot_WP_086968564.1_2855,AWJ25_RS14870,WP_086968564.1,n.a,IS3 family transposase,n.a,37326,38467),-,NZ_CP013995.1,false
5,lcl_NZ_CP013994.1_prot_WP_000195429.1_401,AWJ25_RS02025,WP_000195429.1,n.a,IS256_like element IS256 family transposase,n.a,414596,415768,-,NZ_CP013994.1,false
5,,,,,,,,,,,lcl_NZ_CP013994.1_prot_WP_000195429.1_2697,AWJ25_RS14030,WP_000195429.1,n.a,IS256_like element IS256 family transposase,n.a,2830479,2831651,+,NZ_CP013994.1,false
5,,,,,,,,,,,lcl_NZ_CP013995.1_prot_WP_000195429.1_2842,AWJ25_RS14805,WP_000195429.1,n.a,IS256_like element IS256 family transposase,n.a,27333,28505,+,NZ_CP013995.1,false
5,,,,,,,,,,,lcl_NZ_CP013994.1_prot_WP_000195429.1_777,AWJ25_RS04025,WP_000195429.1,n.a,IS256_like element IS256 family transposase,n.a,810969,812141,+,NZ_CP013994.1,false
5,,,,,,,,,,,lcl_NZ_CP013996.1_prot_WP_000195429.1_3244,AWJ25_RS16850,WP_000195429.1,n.a,IS256_like element IS256 family transposase,n.a,20805,21977,-,NZ_CP013996.1,false
6,lcl_NZ_CP013995.1_prot_WP_002319817.1_2839,AWJ25_RS14790,WP_002319817.1,n.a,IS6_like element ISS1N family transposase,n.a,25697,26377,-,NZ_CP013995.1,false
6,,,,,,,,,,,lcl_NZ_CP013995.1_prot_WP_044383156.1_2992,AWJ25_RS15605,WP_044383156.1,n.a,IS6 family transposase,n.a,172184,172864,-,NZ_CP013995.1,false
6,,,,,,,,,,,lcl_NZ_CP013995.1_prot_2961,AWJ25_RS15440,n.a,n.a,IS6 family transposase,n.a,141280,141960,-,NZ_CP013995.1,true
7,lcl_NZ_CP013994.1_prot_WP_002288644.1_24,AWJ25_RS18200,WP_002288644.1,n.a,hypothetical protein,n.a,29051,29167,+,NZ_CP013994.1,false
7,,,,,,,,,,,lcl_NZ_CP013994.1_prot_WP_002322279.1_2738,AWJ25_RS18275,WP_002322279.1,n.a,hypothetical protein,n.a,2878123,2878245,-,NZ_CP013994.1,false
8,lcl_NZ_CP013995.1_prot_WP_002305788.1_2850,AWJ25_RS14845,WP_002305788.1,n.a,hypothetical protein,n.a,33992,34261,+,NZ_CP013995.1,false
8,,,,,,,,,,,lcl_NZ_CP013995.1_prot_WP_002305788.1_3094,AWJ25_RS16110,WP_002305788.1,n.a,hypothetical protein,n.a,260509,260778,-,NZ_CP013995.1,false
9,lcl_NZ_CP013994.1_prot_WP_002311774.1_943,AWJ25_RS04890,WP_002311774.1,n.a,IS30 family transposase,n.a,963880,964839,+,NZ_CP013994.1,false
9,,,,,,,,,,,lcl_NZ_CP013994.1_prot_WP_002301399.1_947,AWJ25_RS04915,WP_002301399.1,n.a,IS30 family transposase,n.a,968902,969861,-,NZ_CP013994.1,false
9,,,,,,,,,,,lcl_NZ_CP013996.1_prot_WP_002287225.1_3260,AWJ25_RS16935,WP_002287225.1,n.a,IS30 family transposase,n.a,34586,35545,-,NZ_CP013996.1,false
9,,,,,,,,,,,lcl_NZ_CP013994.1_prot_WP_002311774.1_2447,AWJ25_RS12625,WP_002311774.1,n.a,IS30 family transposase,n.a,2529328,2530287,-,NZ_CP013994.1,false
9,,,,,,,,,,,lcl_NZ_CP013995.1_prot_WP_002336308.1_3012,AWJ25_RS15705,WP_002336308.1,n.a,IS30 family transposase,n.a,188635,189594,-,NZ_CP013995.1,false
10,lcl_NZ_CP013995.1_prot_WP_002296379.1_2853,AWJ25_RS14860,WP_002296379.1,n.a,hypothetical protein,n.a,35232,36824,+,NZ_CP013995.1,false
10,,,,,,,,,,,lcl_NZ_CP013995.1_prot_WP_002330591.1_3164,AWJ25_RS16465,WP_002330591.1,n.a,hypothetical protein,n.a,323740,325332,-,NZ_CP013995.1,false
10,,,,,,,,,,,lcl_NZ_CP013995.1_prot_WP_033582318.1_3091,AWJ25_RS16095,WP_033582318.1,n.a,hypothetical protein,n.a,257882,259474,-,NZ_CP013995.1,false
11,lcl_NZ_CP013995.1_prot_2854,AWJ25_RS14865,n.a,n.a,hypothetical protein,n.a,36845,37165,+,NZ_CP013995.1,true
11,,,,,,,,,,,lcl_NZ_CP013995.1_prot_WP_002302842.1_3090,AWJ25_RS16090,WP_002302842.1,n.a,hypothetical protein,n.a,257526,257861,-,NZ_CP013995.1,false
11,,,,,,,,,,,lcl_NZ_CP013995.1_prot_WP_002330590.1_3163,AWJ25_RS16460,WP_002330590.1,n.a,hypothetical protein,n.a,323393,323728,-,NZ_CP013995.1,false
12,lcl_NZ_CP013995.1_prot_WP_002322479.1_2856,AWJ25_RS14880,WP_002322479.1,n.a,hypothetical protein,n.a,38715,38909,+,NZ_CP013995.1,false
12,,,,,,,,,,,lcl_NZ_CP013995.1_prot_WP_002302840.1_3089,AWJ25_RS16085,WP_002302840.1,n.a,hypothetical protein,n.a,257186,257380,-,NZ_CP013995.1,false
13,lcl_NZ_CP013994.1_prot_WP_002297404.1_205,AWJ25_RS01030,WP_002297404.1,n.a,IS110 family transposase,n.a,211343,212593,-,NZ_CP013994.1,false
13,,,,,,,,,,,lcl_NZ_CP013995.1_prot_WP_002297404.1_3191,AWJ25_RS16600,WP_002297404.1,n.a,IS110 family transposase,n.a,354052,355302,+,NZ_CP013995.1,false
13,,,,,,,,,,,lcl_NZ_CP013994.1_prot_WP_002287107.1_1193,AWJ25_RS06125,WP_002287107.1,n.a,IS110 family transposase,n.a,1226857,1228107,-,NZ_CP013994.1,false
13,,,,,,,,,,,lcl_NZ_CP013994.1_prot_WP_002297404.1_2248,AWJ25_RS11600,WP_002297404.1,n.a,IS110 family transposase,n.a,2303135,2304385,-,NZ_CP013994.1,false
13,,,,,,,,,,,lcl_NZ_CP013994.1_prot_WP_002297404.1_1928,AWJ25_RS09980,WP_002297404.1,n.a,IS110 family transposase,n.a,1978466,1979716,+,NZ_CP013994.1,false
13,,,,,,,,,,,lcl_NZ_CP013994.1_prot_WP_002297404.1_2125,AWJ25_RS10985,WP_002297404.1,n.a,IS110 family transposase,n.a,2175328,2176578,+,NZ_CP013994.1,false
13,,,,,,,,,,,lcl_NZ_CP013994.1_prot_WP_002297404.1_775,AWJ25_RS04015,WP_002297404.1,n.a,IS110 family transposase,n.a,807767,809017,-,NZ_CP013994.1,false
13,,,,,,,,,,,lcl_NZ_CP013994.1_prot_WP_010729587.1_990,AWJ25_RS05135,WP_010729587.1,n.a,IS110 family transposase,n.a,1009105,1010355,-,NZ_CP013994.1,false
13,,,,,,,,,,,lcl_NZ_CP013995.1_prot_WP_002330536.1_2857,AWJ25_RS14885,WP_002330536.1,n.a,IS110 family transposase,n.a,39045,40295,-,NZ_CP013995.1,false
13,,,,,,,,,,,lcl_NZ_CP013994.1_prot_WP_002297404.1_422,AWJ25_RS02130,WP_002297404.1,n.a,IS110 family transposase,n.a,438259,439509,-,NZ_CP013994.1,false
13,,,,,,,,,,,lcl_NZ_CP013995.1_prot_WP_002297404.1_3088,AWJ25_RS16080,WP_002297404.1,n.a,IS110 family transposase,n.a,255800,257050,+,NZ_CP013995.1,false
13,,,,,,,,,,,lcl_NZ_CP013994.1_prot_WP_002297404.1_451,AWJ25_RS02285,WP_002297404.1,n.a,IS110 family transposase,n.a,469609,470859,-,NZ_CP013994.1,false
13,,,,,,,,,,,lcl_NZ_CP013994.1_prot_WP_002287107.1_1655,AWJ25_RS08480,WP_002287107.1,n.a,IS110 family transposase,n.a,1707219,1708469,+,NZ_CP013994.1,false
14,lcl_NZ_CP013994.1_prot_WP_002297218.1_359,AWJ25_RS01805,WP_002297218.1,n.a,ISL3_like element ISEfa11 family transposase,n.a,369355,370650,+,NZ_CP013994.1,false
14,,,,,,,,,,,lcl_NZ_CP013994.1_prot_WP_002297185.1_747,AWJ25_RS03865,WP_002297185.1,n.a,ISL3_like element ISEfa5 family transposase,n.a,775016,776311,-,NZ_CP013994.1,false
14,,,,,,,,,,,lcl_NZ_CP013994.1_prot_WP_059355927.1_1593,AWJ25_RS08160,WP_059355927.1,n.a,ISL3_like element ISEfa5 family transposase,n.a,1638037,1639332,+,NZ_CP013994.1,false
14,,,,,,,,,,,lcl_NZ_CP013994.1_prot_WP_002297218.1_2383,AWJ25_RS12290,WP_002297218.1,n.a,ISL3_like element ISEfa11 family transposase,n.a,2461278,2462573,+,NZ_CP013994.1,false
14,,,,,,,,,,,lcl_NZ_CP013994.1_prot_WP_002297185.1_2296,AWJ25_RS11855,WP_002297185.1,n.a,ISL3_like element ISEfa5 family transposase,n.a,2360194,2361489,+,NZ_CP013994.1,false
14,,,,,,,,,,,lcl_NZ_CP013994.1_prot_WP_002297185.1_933,AWJ25_RS04840,WP_002297185.1,n.a,ISL3_like element ISEfa5 family transposase,n.a,951546,952841,+,NZ_CP013994.1,false
14,,,,,,,,,,,lcl_NZ_CP013994.1_prot_WP_002297218.1_1002,AWJ25_RS05195,WP_002297218.1,n.a,ISL3_like element ISEfa11 family transposase,n.a,1025476,1026771,-,NZ_CP013994.1,false
14,,,,,,,,,,,lcl_NZ_CP013995.1_prot_WP_002297218.1_2924,AWJ25_RS15235,WP_002297218.1,n.a,ISL3_like element ISEfa11 family transposase,n.a,102537,103832,-,NZ_CP013995.1,false
14,,,,,,,,,,,lcl_NZ_CP013994.1_prot_WP_002297218.1_926,AWJ25_RS04800,WP_002297218.1,n.a,ISL3_like element ISEfa11 family transposase,n.a,944547,945842,+,NZ_CP013994.1,false
14,,,,,,,,,,,lcl_NZ_CP013994.1_prot_WP_002297218.1_1618,AWJ25_RS08285,WP_002297218.1,n.a,ISL3_like element ISEfa11 family transposase,n.a,1662547,1663842,+,NZ_CP013994.1,false
14,,,,,,,,,,,lcl_NZ_CP013996.1_prot_WP_059355968.1_3274,AWJ25_RS16985,WP_059355968.1,n.a,ISL3_like element ISEfa11 family transposase,n.a,42716,43999,+,NZ_CP013996.1,false
14,,,,,,,,,,,lcl_NZ_CP013995.1_prot_WP_002297185.1_3079,AWJ25_RS16030,WP_002297185.1,n.a,ISL3_like element ISEfa5 family transposase,n.a,245011,246306,+,NZ_CP013995.1,false
14,,,,,,,,,,,lcl_NZ_CP013994.1_prot_WP_002297218.1_2539,AWJ25_RS13105,WP_002297218.1,n.a,ISL3_like element ISEfa11 family transposase,n.a,2637235,2638530,+,NZ_CP013994.1,false
14,,,,,,,,,,,lcl_NZ_CP013994.1_prot_WP_002297185.1_438,AWJ25_RS02210,WP_002297185.1,n.a,ISL3_like element ISEfa5 family transposase,n.a,456590,457885,-,NZ_CP013994.1,false
14,,,,,,,,,,,lcl_NZ_CP013995.1_prot_WP_002297218.1_3141,AWJ25_RS16340,WP_002297218.1,n.a,ISL3_like element ISEfa11 family transposase,n.a,304559,305854,-,NZ_CP013995.1,false
14,,,,,,,,,,,lcl_NZ_CP013994.1_prot_WP_002297218.1_648,AWJ25_RS03345,WP_002297218.1,n.a,ISL3_like element ISEfa11 family transposase,n.a,666922,668217,-,NZ_CP013994.1,false
14,,,,,,,,,,,lcl_NZ_CP013994.1_prot_WP_002297185.1_1682,AWJ25_RS08720,WP_002297185.1,n.a,ISL3_like element ISEfa5 family transposase,n.a,1742675,1743970,+,NZ_CP013994.1,false
14,,,,,,,,,,,lcl_NZ_CP013994.1_prot_WP_002297185.1_1103,AWJ25_RS05675,WP_002297185.1,n.a,ISL3_like element ISEfa5 family transposase,n.a,1136008,1137303,-,NZ_CP013994.1,false
14,,,,,,,,,,,lcl_NZ_CP013994.1_prot_WP_002297218.1_623,AWJ25_RS03210,WP_002297218.1,n.a,ISL3_like element ISEfa11 family transposase,n.a,645042,646337,-,NZ_CP013994.1,false
15,lcl_NZ_CP013995.1_prot_WP_002313123.1_2859,AWJ25_RS14900,WP_002313123.1,n.a,DUF3991 domain_containing protein,n.a,43137,44606,+,NZ_CP013995.1,false
15,,,,,,,,,,,lcl_NZ_CP013995.1_prot_WP_002347152.1_3086,AWJ25_RS16070,WP_002347152.1,n.a,hypothetical protein,n.a,251497,252957,-,NZ_CP013995.1,false
15,,,,,,,,,,,lcl_NZ_CP013995.1_prot_WP_010729792.1_3160,AWJ25_RS16445,WP_010729792.1,n.a,hypothetical protein,n.a,319127,320587,-,NZ_CP013995.1,false
16,lcl_NZ_CP013995.1_prot_WP_002303486.1_2860,AWJ25_RS14905,WP_002303486.1,topB,DNA topoisomerase III,n.a,44617,46626,+,NZ_CP013995.1,false
16,,,,,,,,,,,lcl_NZ_CP013995.1_prot_WP_059355967.1_3159,AWJ25_RS16440,WP_059355967.1,topB,type IA DNA topoisomerase,n.a,316912,319116,-,NZ_CP013995.1,false
16,,,,,,,,,,,lcl_NZ_CP013995.1_prot_WP_002305772.1_3085,AWJ25_RS16065,WP_002305772.1,topB,type IA DNA topoisomerase,n.a,249282,251486,-,NZ_CP013995.1,false
17,lcl_NZ_CP013994.1_prot_WP_000997695.1_113,AWJ25_RS00565,WP_000997695.1,n.a,IS256_like element ISEf1 family transposase,n.a,111309,112487,+,NZ_CP013994.1,false
17,,,,,,,,,,,lcl_NZ_CP013994.1_prot_WP_000997695.1_1760,AWJ25_RS09110,WP_000997695.1,n.a,IS256_like element ISEf1 family transposase,n.a,1827225,1828403,+,NZ_CP013994.1,false
17,,,,,,,,,,,lcl_NZ_CP013994.1_prot_WP_000997695.1_686,AWJ25_RS03540,WP_000997695.1,n.a,IS256_like element ISEf1 family transposase,n.a,702086,703264,-,NZ_CP013994.1,false
17,,,,,,,,,,,lcl_NZ_CP013995.1_prot_WP_000997695.1_2886,AWJ25_RS15030,WP_000997695.1,n.a,IS256_like element ISEf1 family transposase,n.a,65384,66562,+,NZ_CP013995.1,false
17,,,,,,,,,,,lcl_NZ_CP013994.1_prot_WP_000997695.1_1540,AWJ25_RS07895,WP_000997695.1,n.a,IS256_like element ISEf1 family transposase,n.a,1584127,1585305,-,NZ_CP013994.1,false
17,,,,,,,,,,,lcl_NZ_CP013994.1_prot_WP_000997695.1_1182,AWJ25_RS06075,WP_000997695.1,n.a,IS256_like element ISEf1 family transposase,n.a,1217828,1219006,-,NZ_CP013994.1,false
17,,,,,,,,,,,lcl_NZ_CP013995.1_prot_WP_000997695.1_2904,AWJ25_RS15130,WP_000997695.1,n.a,IS256_like element ISEf1 family transposase,n.a,82661,83839,+,NZ_CP013995.1,false
17,,,,,,,,,,,lcl_NZ_CP013995.1_prot_WP_059355959.1_3130,AWJ25_RS16285,WP_059355959.1,n.a,IS256_like element ISEf1 family transposase,n.a,297720,298898,+,NZ_CP013995.1,false
17,,,,,,,,,,,lcl_NZ_CP013994.1_prot_WP_000997695.1_923,AWJ25_RS04785,WP_000997695.1,n.a,IS256_like element ISEf1 family transposase,n.a,941173,942351,-,NZ_CP013994.1,false
17,,,,,,,,,,,lcl_NZ_CP013996.1_prot_WP_059355959.1_3277,AWJ25_RS17000,WP_059355959.1,n.a,IS256_like element ISEf1 family transposase,n.a,45421,46599,-,NZ_CP013996.1,false
18,lcl_NZ_CP013995.1_prot_WP_002324499.1_2868,AWJ25_RS14945,WP_002324499.1,n.a,hypothetical protein,n.a,50390,50596,+,NZ_CP013995.1,false
18,,,,,,,,,,,lcl_NZ_CP013995.1_prot_WP_002296239.1_3154,AWJ25_RS16410,WP_002296239.1,n.a,hypothetical protein,n.a,313404,313610,-,NZ_CP013995.1,false
18,,,,,,,,,,,lcl_NZ_CP013995.1_prot_WP_002347218.1_3078,AWJ25_RS16025,WP_002347218.1,n.a,hypothetical protein,n.a,244204,244410,-,NZ_CP013995.1,false
19,lcl_NZ_CP013995.1_prot_WP_002287517.1_2869,AWJ25_RS14950,WP_002287517.1,n.a,hypothetical protein,n.a,50596,50847,+,NZ_CP013995.1,false
19,,,,,,,,,,,lcl_NZ_CP013995.1_prot_WP_002296238.1_3153,AWJ25_RS16405,WP_002296238.1,n.a,hypothetical protein,n.a,313153,313404,-,NZ_CP013995.1,false
19,,,,,,,,,,,lcl_NZ_CP013995.1_prot_WP_002296238.1_3077,AWJ25_RS16020,WP_002296238.1,n.a,hypothetical protein,n.a,243953,244204,-,NZ_CP013995.1,false
20,lcl_NZ_CP013995.1_prot_WP_002305050.1_2871,AWJ25_RS14960,WP_002305050.1,n.a,hypothetical protein,n.a,51293,51988,+,NZ_CP013995.1,false
20,,,,,,,,,,,lcl_NZ_CP013995.1_prot_WP_002303117.1_3075,AWJ25_RS16010,WP_002303117.1,n.a,hypothetical protein,n.a,242801,243508,-,NZ_CP013995.1,false
20,,,,,,,,,,,lcl_NZ_CP013995.1_prot_WP_002353391.1_3151,AWJ25_RS16395,WP_002353391.1,n.a,hypothetical protein,n.a,312001,312708,-,NZ_CP013995.1,false
21,lcl_NZ_CP013995.1_prot_2872,AWJ25_RS18025,n.a,n.a,hypothetical protein,n.a,52369,52548,+,NZ_CP013995.1,true
21,,,,,,,,,,,lcl_NZ_CP013995.1_prot_WP_001120991.1_3074,AWJ25_RS16000,WP_001120991.1,n.a,hypothetical protein,n.a,242241,242420,-,NZ_CP013995.1,false
21,,,,,,,,,,,lcl_NZ_CP013995.1_prot_WP_002305761.1_3150,AWJ25_RS16385,WP_002305761.1,n.a,hypothetical protein,n.a,311441,311620,-,NZ_CP013995.1,false
22,lcl_NZ_CP013994.1_prot_WP_010729268.1_2755,AWJ25_RS14310,WP_010729268.1,n.a,site_specific integrase,n.a,2891843,2893069,+,NZ_CP013994.1,false
22,,,,,,,,,,,lcl_NZ_CP013995.1_prot_WP_010729769.1_2881,AWJ25_RS15010,WP_010729769.1,n.a,site_specific integrase,n.a,60877,62103,-,NZ_CP013995.1,false
23,lcl_NZ_CP013994.1_prot_WP_002326704.1_942,AWJ25_RS04885,WP_002326704.1,n.a,IS982_like element ISEfm1 family transposase,n.a,962759,963667,-,NZ_CP013994.1,false
23,,,,,,,,,,,lcl_NZ_CP013995.1_prot_WP_002295743.1_2905,AWJ25_RS15135,WP_002295743.1,n.a,IS982_like element ISEfm1 family transposase,n.a,83964,84872,-,NZ_CP013995.1,false
23,,,,,,,,,,,lcl_NZ_CP013994.1_prot_WP_002295743.1_1317,AWJ25_RS06760,WP_002295743.1,n.a,IS982_like element ISEfm1 family transposase,n.a,1344531,1345439,-,NZ_CP013994.1,false
23,,,,,,,,,,,lcl_NZ_CP013995.1_prot_WP_010729754.1_3014,AWJ25_RS15710,WP_010729754.1,n.a,IS982 family transposase,n.a,190144,191052,+,NZ_CP013995.1,false
23,,,,,,,,,,,lcl_NZ_CP013995.1_prot_WP_010729802.1_3050,AWJ25_RS15885,WP_010729802.1,n.a,IS982_like element ISEfm1 family transposase,n.a,224192,225100,-,NZ_CP013995.1,false
23,,,,,,,,,,,lcl_NZ_CP013995.1_prot_3202,AWJ25_RS16645,n.a,n.a,IS982_like element ISEfm1 family transposase,n.a,365036,365944,+,NZ_CP013995.1,true
23,,,,,,,,,,,lcl_NZ_CP013995.1_prot_3208,AWJ25_RS16675,n.a,n.a,IS982 family transposase,n.a,372298,373206,-,NZ_CP013995.1,true
23,,,,,,,,,,,lcl_NZ_CP013995.1_prot_WP_002328876.1_2883,AWJ25_RS15015,WP_002328876.1,n.a,IS982 family transposase,n.a,62891,63799,+,NZ_CP013995.1,false
24,lcl_NZ_CP013995.1_prot_WP_002328880.1_2888,AWJ25_RS15040,WP_002328880.1,n.a,recombinase family protein,n.a,67270,67893,-,NZ_CP013995.1,false
24,,,,,,,,,,,lcl_NZ_CP013995.1_prot_WP_059355961.1_3147,AWJ25_RS16370,WP_059355961.1,n.a,recombinase family protein,n.a,309855,310469,+,NZ_CP013995.1,false
24,,,,,,,,,,,lcl_NZ_CP013995.1_prot_2964,AWJ25_RS15455,n.a,n.a,helix_turn_helix domain_containing protein,n.a,143149,143700,+,NZ_CP013995.1,true
24,,,,,,,,,,,lcl_NZ_CP013995.1_prot_WP_001261742.1_3070,AWJ25_RS15980,WP_001261742.1,n.a,recombinase family protein,n.a,239351,239965,+,NZ_CP013995.1,false
25,lcl_NZ_CP013994.1_prot_WP_086956687.1_457,AWJ25_RS02335,WP_086956687.1,n.a,IS3 family transposase,n.a,481672,482834),-,NZ_CP013994.1,false
25,,,,,,,,,,,lcl_NZ_CP013994.1_prot_WP_087043335.1_2426,AWJ25_RS12505,WP_087043335.1,n.a,IS3 family transposase,n.a,2506871,2508033),-,NZ_CP013994.1,false
25,,,,,,,,,,,lcl_NZ_CP013994.1_prot_WP_094932120.1_770,AWJ25_RS03980,WP_094932120.1,n.a,IS3 family transposase,n.a,803073,804235),-,NZ_CP013994.1,false
25,,,,,,,,,,,lcl_NZ_CP013995.1_prot_WP_143344080.1_2903,AWJ25_RS15120,WP_143344080.1,n.a,IS3 family transposase,n.a,80802,81964),-,NZ_CP013995.1,false
25,,,,,,,,,,,lcl_NZ_CP013994.1_prot_WP_086956687.1_895,AWJ25_RS04630,WP_086956687.1,n.a,IS3 family transposase,n.a,915638,916800,+,NZ_CP013994.1,false
25,,,,,,,,,,,lcl_NZ_CP013995.1_prot_WP_108676098.1_2934,AWJ25_RS15285,WP_108676098.1,n.a,IS3 family transposase,n.a,111349,112511),-,NZ_CP013995.1,false
26,lcl_NZ_CP013995.1_prot_2919,AWJ25_RS15210,n.a,n.a,IS6 family transposase,n.a,95660,96317,-,NZ_CP013995.1,true
26,,,,,,,,,,,lcl_NZ_CP013995.1_prot_3058,AWJ25_RS15920,n.a,n.a,IS6 family transposase,n.a,230441,231095,+,NZ_CP013995.1,true
27,lcl_NZ_CP013995.1_prot_WP_002292418.1_2920,AWJ25_RS15215,WP_002292418.1,n.a,ROK family protein,n.a,96646,97518,-,NZ_CP013995.1,false
27,,,,,,,,,,,lcl_NZ_CP013995.1_prot_WP_010729757.1_3001,AWJ25_RS15655,WP_010729757.1,n.a,ROK family protein,n.a,179053,179925,-,NZ_CP013995.1,false
28,lcl_NZ_CP013994.1_prot_WP_002287843.1_239,AWJ25_RS01200,WP_002287843.1,n.a,IS256_like element ISEfa13 family transposase,n.a,243362,244531,+,NZ_CP013994.1,false
28,,,,,,,,,,,lcl_NZ_CP013995.1_prot_WP_002300314.1_2959,AWJ25_RS15430,WP_002300314.1,n.a,IS256 family transposase,n.a,138412,139581,-,NZ_CP013995.1,false
29,lcl_NZ_CP013994.1_prot_WP_010729638.1_2121,AWJ25_RS10965,WP_010729638.1,n.a,type I restriction endonuclease subunit R,n.a,2167696,2170845,-,NZ_CP013994.1,false
29,,,,,,,,,,,lcl_NZ_CP013995.1_prot_WP_044383143.1_2969,AWJ25_RS15480,WP_044383143.1,n.a,type I restriction endonuclease subunit R,n.a,146869,150018,-,NZ_CP013995.1,false
30,lcl_NZ_CP013994.1_prot_WP_002287732.1_2123,AWJ25_RS10975,WP_002287732.1,n.a,type I restriction_modification system subunit M,n.a,2172096,2173688,-,NZ_CP013994.1,false
30,,,,,,,,,,,lcl_NZ_CP013995.1_prot_WP_044383147.1_2971,AWJ25_RS15490,WP_044383147.1,n.a,type I restriction_modification system subunit M,n.a,151239,152834,-,NZ_CP013995.1,false
31,lcl_NZ_CP013994.1_prot_WP_106914055.1_162,AWJ25_RS17075,WP_106914055.1,n.a,IS3_like element ISEnfa3 family transposase,n.a,162200,163539,+,NZ_CP013994.1,false
31,,,,,,,,,,,lcl_NZ_CP013994.1_prot_WP_086953915.1_2354,AWJ25_RS17770,WP_086953915.1,n.a,IS3_like element ISEnfa3 family transposase,n.a,2429829,2431168,+,NZ_CP013994.1,false
31,,,,,,,,,,,lcl_NZ_CP013994.1_prot_WP_086953915.1_772,AWJ25_RS17260,WP_086953915.1,n.a,IS3_like element ISEnfa3 family transposase,n.a,804961,806300,+,NZ_CP013994.1,false
32,lcl_NZ_CP013995.1_prot_WP_002292680.1_2995,AWJ25_RS15615,WP_002292680.1,n.a,ParA family protein,n.a,174043,174900,-,NZ_CP013995.1,false
32,,,,,,,,,,,lcl_NZ_CP013995.1_prot_WP_002292680.1_3213,AWJ25_RS16700,WP_002292680.1,n.a,ParA family protein,n.a,374943,375800,+,NZ_CP013995.1,false
33,lcl_NZ_CP013995.1_prot_WP_002292678.1_2997,AWJ25_RS15625,WP_002292678.1,n.a,AbrB family transcriptional regulator,n.a,175461,175790,-,NZ_CP013995.1,false
33,,,,,,,,,,,lcl_NZ_CP013995.1_prot_WP_002292678.1_3211,AWJ25_RS16690,WP_002292678.1,n.a,AbrB family transcriptional regulator,n.a,374052,374381,+,NZ_CP013995.1,false
34,lcl_NZ_CP013994.1_prot_WP_002302440.1_188,AWJ25_RS00945,WP_002302440.1,n.a,ISL3 family transposase,n.a,189886,191187,+,NZ_CP013994.1,false
34,,,,,,,,,,,lcl_NZ_CP013995.1_prot_WP_002302440.1_3126,AWJ25_RS16265,WP_002302440.1,n.a,ISL3 family transposase,n.a,292820,294121,+,NZ_CP013995.1,false
34,,,,,,,,,,,lcl_NZ_CP013995.1_prot_WP_002302440.1_3037,AWJ25_RS15820,WP_002302440.1,n.a,ISL3 family transposase,n.a,212040,213341,+,NZ_CP013995.1,false
34,,,,,,,,,,,lcl_NZ_CP013994.1_prot_WP_002302440.1_524,AWJ25_RS02700,WP_002302440.1,n.a,ISL3 family transposase,n.a,540769,542070,-,NZ_CP013994.1,false
34,,,,,,,,,,,lcl_NZ_CP013994.1_prot_WP_002302440.1_1749,AWJ25_RS09055,WP_002302440.1,n.a,ISL3 family transposase,n.a,1815243,1816544,-,NZ_CP013994.1,false
34,,,,,,,,,,,lcl_NZ_CP013994.1_prot_WP_002302440.1_1730,AWJ25_RS08960,WP_002302440.1,n.a,ISL3 family transposase,n.a,1795639,1796940,-,NZ_CP013994.1,false
34,,,,,,,,,,,lcl_NZ_CP013994.1_prot_WP_002302440.1_1064,AWJ25_RS05475,WP_002302440.1,n.a,ISL3 family transposase,n.a,1089998,1091299,-,NZ_CP013994.1,false
34,,,,,,,,,,,lcl_NZ_CP013994.1_prot_WP_002302440.1_456,AWJ25_RS02330,WP_002302440.1,n.a,ISL3 family transposase,n.a,479980,481281,-,NZ_CP013994.1,false
34,,,,,,,,,,,lcl_NZ_CP013994.1_prot_WP_002302440.1_1220,AWJ25_RS06265,WP_002302440.1,n.a,ISL3 family transposase,n.a,1250883,1252184,-,NZ_CP013994.1,false
35,lcl_NZ_CP013994.1_prot_WP_002296840.1_871,AWJ25_RS04510,WP_002296840.1,n.a,IS256_like element IS16 family transposase,n.a,889364,890551,+,NZ_CP013994.1,false
35,,,,,,,,,,,lcl_NZ_CP013994.1_prot_WP_002296840.1_1801,AWJ25_RS09315,WP_002296840.1,n.a,IS256_like element IS16 family transposase,n.a,1872444,1873631,-,NZ_CP013994.1,false
35,,,,,,,,,,,lcl_NZ_CP013994.1_prot_WP_002296840.1_2435,AWJ25_RS12555,WP_002296840.1,n.a,IS256_like element IS16 family transposase,n.a,2517649,2518836,-,NZ_CP013994.1,false
35,,,,,,,,,,,lcl_NZ_CP013995.1_prot_WP_002296840.1_3028,AWJ25_RS15775,WP_002296840.1,n.a,IS256_like element IS16 family transposase,n.a,202397,203584,+,NZ_CP013995.1,false
35,,,,,,,,,,,lcl_NZ_CP013994.1_prot_WP_002296840.1_1759,AWJ25_RS09105,WP_002296840.1,n.a,IS256_like element IS16 family transposase,n.a,1825679,1826866,-,NZ_CP013994.1,false
36,lcl_NZ_CP013994.1_prot_WP_002296623.1_244,AWJ25_RS01215,WP_002296623.1,n.a,ISL3 family transposase,n.a,246976,248271,-,NZ_CP013994.1,false
36,,,,,,,,,,,lcl_NZ_CP013994.1_prot_WP_002296623.1_1764,AWJ25_RS09130,WP_002296623.1,n.a,ISL3 family transposase,n.a,1830918,1832213,+,NZ_CP013994.1,false
36,,,,,,,,,,,lcl_NZ_CP013994.1_prot_WP_002296623.1_706,AWJ25_RS03645,WP_002296623.1,n.a,ISL3 family transposase,n.a,727797,729092,-,NZ_CP013994.1,false
36,,,,,,,,,,,lcl_NZ_CP013994.1_prot_WP_002296623.1_1538,AWJ25_RS07885,WP_002296623.1,n.a,ISL3 family transposase,n.a,1582201,1583496,+,NZ_CP013994.1,false
36,,,,,,,,,,,lcl_NZ_CP013994.1_prot_WP_002296623.1_2474,AWJ25_RS12765,WP_002296623.1,n.a,ISL3 family transposase,n.a,2554983,2556278,+,NZ_CP013994.1,false
36,,,,,,,,,,,lcl_NZ_CP013995.1_prot_WP_010729749.1_3033,AWJ25_RS15800,WP_010729749.1,n.a,ISL3 family transposase,n.a,208254,209546,+,NZ_CP013995.1,false
36,,,,,,,,,,,lcl_NZ_CP013994.1_prot_WP_002296623.1_1252,AWJ25_RS06435,WP_002296623.1,n.a,ISL3 family transposase,n.a,1275141,1276436,-,NZ_CP013994.1,false
37,lcl_NZ_CP013994.1_prot_WP_002285758.1_896,AWJ25_RS04635,WP_002285758.1,n.a,hypothetical protein,n.a,916931,917125,+,NZ_CP013994.1,false
37,,,,,,,,,,,lcl_NZ_CP013995.1_prot_WP_002285758.1_3034,AWJ25_RS15805,WP_002285758.1,n.a,hypothetical protein,n.a,209625,209819,+,NZ_CP013995.1,false
38,lcl_NZ_CP013994.1_prot_WP_002287659.1_897,AWJ25_RS04640,WP_002287659.1,tnpB,IS66 family insertion sequence element accessory protein TnpB,n.a,917115,917468,+,NZ_CP013994.1,false
38,,,,,,,,,,,lcl_NZ_CP013995.1_prot_WP_002287659.1_3035,AWJ25_RS15810,WP_002287659.1,tnpB,IS66 family insertion sequence element accessory protein TnpB,n.a,209809,210162,+,NZ_CP013995.1,false
39,lcl_NZ_CP013994.1_prot_WP_002299190.1_898,AWJ25_RS04645,WP_002299190.1,n.a,IS66 family transposase,n.a,917570,919117,+,NZ_CP013994.1,false
39,,,,,,,,,,,lcl_NZ_CP013995.1_prot_WP_002296127.1_3036,AWJ25_RS15815,WP_002296127.1,n.a,IS66 family transposase,n.a,210264,211811,+,NZ_CP013995.1,false
40,lcl_NZ_CP013995.1_prot_WP_002299575.1_3067,AWJ25_RS15965,WP_002299575.1,n.a,recombinase family protein,n.a,237683,238267,-,NZ_CP013995.1,false
40,,,,,,,,,,,lcl_NZ_CP013995.1_prot_WP_002299575.1_3144,AWJ25_RS16355,WP_002299575.1,n.a,recombinase family protein,n.a,308111,308695,-,NZ_CP013995.1,false
41,lcl_NZ_CP013995.1_prot_WP_002299573.1_3068,AWJ25_RS15970,WP_002299573.1,n.a,hypothetical protein,n.a,238478,238681,-,NZ_CP013995.1,false
41,,,,,,,,,,,lcl_NZ_CP013995.1_prot_WP_002299573.1_3145,AWJ25_RS16360,WP_002299573.1,n.a,hypothetical protein,n.a,308906,309109,-,NZ_CP013995.1,false
42,lcl_NZ_CP013995.1_prot_WP_002303116.1_3069,AWJ25_RS15975,WP_002303116.1,n.a,hypothetical protein,n.a,238691,239113,-,NZ_CP013995.1,false
42,,,,,,,,,,,lcl_NZ_CP013995.1_prot_WP_002288787.1_3146,AWJ25_RS16365,WP_002288787.1,n.a,hypothetical protein,n.a,309119,309541,-,NZ_CP013995.1,false
43,lcl_NZ_CP013995.1_prot_WP_002300851.1_3076,AWJ25_RS16015,WP_002300851.1,n.a,hypothetical protein,n.a,243501,243938,-,NZ_CP013995.1,false
43,,,,,,,,,,,lcl_NZ_CP013995.1_prot_WP_002296237.1_3152,AWJ25_RS16400,WP_002296237.1,n.a,hypothetical protein,n.a,312701,313138,-,NZ_CP013995.1,false
44,lcl_NZ_CP013995.1_prot_WP_059355952.1_3080,AWJ25_RS16035,WP_059355952.1,n.a,hypothetical protein,n.a,246366,246629,-,NZ_CP013995.1,false
44,,,,,,,,,,,lcl_NZ_CP013995.1_prot_WP_002296240.1_3155,AWJ25_RS16415,WP_002296240.1,n.a,hypothetical protein,n.a,314051,314311,-,NZ_CP013995.1,false
45,lcl_NZ_CP013995.1_prot_WP_002303313.1_3082,AWJ25_RS16045,WP_002303313.1,ssb,single_stranded DNA_binding protein,n.a,247048,247533,-,NZ_CP013995.1,false
45,,,,,,,,,,,lcl_NZ_CP013995.1_prot_WP_002296241.1_3156,AWJ25_RS16420,WP_002296241.1,ssb,single_stranded DNA_binding protein,n.a,314677,315162,-,NZ_CP013995.1,false
46,lcl_NZ_CP013995.1_prot_WP_002305801.1_3087,AWJ25_RS16075,WP_002305801.1,n.a,hypothetical protein,n.a,253018,255390,-,NZ_CP013995.1,false
46,,,,,,,,,,,lcl_NZ_CP013995.1_prot_WP_059355962.1_3161,AWJ25_RS16450,WP_059355962.1,n.a,hypothetical protein,n.a,320648,323020,-,NZ_CP013995.1,false
47,lcl_NZ_CP013995.1_prot_WP_002302844.1_3092,AWJ25_RS16100,WP_002302844.1,n.a,hypothetical protein,n.a,259494,259916,-,NZ_CP013995.1,false
47,,,,,,,,,,,lcl_NZ_CP013995.1_prot_WP_002330592.1_3165,AWJ25_RS16470,WP_002330592.1,n.a,hypothetical protein,n.a,325351,325773,-,NZ_CP013995.1,false
48,lcl_NZ_CP013995.1_prot_WP_059355953.1_3097,AWJ25_RS16120,WP_059355953.1,n.a,hypothetical protein,n.a,262168,262974,-,NZ_CP013995.1,false
48,,,,,,,,,,,lcl_NZ_CP013995.1_prot_WP_059355964.1_3168,AWJ25_RS16485,WP_059355964.1,n.a,hypothetical protein,n.a,326888,327694,-,NZ_CP013995.1,false
49,lcl_NZ_CP013995.1_prot_WP_002296371.1_3098,AWJ25_RS16125,WP_002296371.1,n.a,hypothetical protein,n.a,262985,263629,-,NZ_CP013995.1,false
49,,,,,,,,,,,lcl_NZ_CP013995.1_prot_WP_002296371.1_3169,AWJ25_RS16490,WP_002296371.1,n.a,hypothetical protein,n.a,327705,328349,-,NZ_CP013995.1,false
50,lcl_NZ_CP013995.1_prot_WP_002296365.1_3099,AWJ25_RS16130,WP_002296365.1,n.a,peptidoglycan DD_metalloendopeptidase family protein,n.a,263645,264850,-,NZ_CP013995.1,false
50,,,,,,,,,,,lcl_NZ_CP013995.1_prot_WP_002296365.1_3170,AWJ25_RS16495,WP_002296365.1,n.a,peptidoglycan DD_metalloendopeptidase family protein,n.a,328365,329570,-,NZ_CP013995.1,false
51,lcl_NZ_CP013995.1_prot_3100,AWJ25_RS16135,n.a,n.a,ATPase,n.a,264850,265227,-,NZ_CP013995.1,true
51,,,,,,,,,,,lcl_NZ_CP013995.1_prot_3171,AWJ25_RS16500,n.a,n.a,ATPase,n.a,329570,329947,-,NZ_CP013995.1,true
52,lcl_NZ_CP013995.1_prot_WP_002305177.1_3101,AWJ25_RS16140,WP_002305177.1,ltrA,group II intron reverse transcriptase/maturase,n.a,265357,267234,-,NZ_CP013995.1,false
52,,,,,,,,,,,lcl_NZ_CP013995.1_prot_WP_002305177.1_3172,AWJ25_RS16505,WP_002305177.1,ltrA,group II intron reverse transcriptase/maturase,n.a,330078,331955,-,NZ_CP013995.1,false
53,lcl_NZ_CP013995.1_prot_WP_016922504.1_3102,AWJ25_RS16145,WP_016922504.1,n.a,ATPase,n.a,267921,269615,-,NZ_CP013995.1,false
53,,,,,,,,,,,lcl_NZ_CP013995.1_prot_WP_016922504.1_3173,AWJ25_RS16510,WP_016922504.1,n.a,ATPase,n.a,332643,334337,-,NZ_CP013995.1,false
54,lcl_NZ_CP013995.1_prot_WP_002313112.1_3103,AWJ25_RS16150,WP_002313112.1,n.a,hypothetical protein,n.a,269778,270371,-,NZ_CP013995.1,false
54,,,,,,,,,,,lcl_NZ_CP013995.1_prot_WP_002313112.1_3174,AWJ25_RS16515,WP_002313112.1,n.a,hypothetical protein,n.a,334500,335093,-,NZ_CP013995.1,false
55,lcl_NZ_CP013995.1_prot_WP_002326876.1_3104,AWJ25_RS16155,WP_002326876.1,n.a,hypothetical protein,n.a,270372,270704,-,NZ_CP013995.1,false
55,,,,,,,,,,,lcl_NZ_CP013995.1_prot_WP_002326876.1_3175,AWJ25_RS16520,WP_002326876.1,n.a,hypothetical protein,n.a,335094,335426,-,NZ_CP013995.1,false
56,lcl_NZ_CP013995.1_prot_WP_002321282.1_3105,AWJ25_RS16160,WP_002321282.1,n.a,hypothetical protein,n.a,270756,273287,-,NZ_CP013995.1,false
56,,,,,,,,,,,lcl_NZ_CP013995.1_prot_WP_002321282.1_3176,AWJ25_RS16525,WP_002321282.1,n.a,hypothetical protein,n.a,335478,338009,-,NZ_CP013995.1,false
57,lcl_NZ_CP013995.1_prot_WP_059355955.1_3106,AWJ25_RS16165,WP_059355955.1,n.a,TraM recognition domain_containing protein,n.a,273284,275896,-,NZ_CP013995.1,false
57,,,,,,,,,,,lcl_NZ_CP013995.1_prot_WP_059355955.1_3177,AWJ25_RS16530,WP_059355955.1,n.a,TraM recognition domain_containing protein,n.a,338006,340618,-,NZ_CP013995.1,false
58,lcl_NZ_CP013995.1_prot_WP_059355956.1_3107,AWJ25_RS16170,WP_059355956.1,n.a,hypothetical protein,n.a,275896,277950,-,NZ_CP013995.1,false
58,,,,,,,,,,,lcl_NZ_CP013995.1_prot_WP_059355965.1_3178,AWJ25_RS16535,WP_059355965.1,n.a,hypothetical protein,n.a,340618,342672,-,NZ_CP013995.1,false
59,lcl_NZ_CP013995.1_prot_WP_059355957.1_3108,AWJ25_RS16175,WP_059355957.1,n.a,hypothetical protein,n.a,278019,278321,-,NZ_CP013995.1,false
59,,,,,,,,,,,lcl_NZ_CP013995.1_prot_WP_002296358.1_3179,AWJ25_RS16540,WP_002296358.1,n.a,hypothetical protein,n.a,342744,343046,-,NZ_CP013995.1,false
60,lcl_NZ_CP013995.1_prot_WP_059355958.1_3109,AWJ25_RS16180,WP_059355958.1,n.a,hypothetical protein,n.a,278339,278581,-,NZ_CP013995.1,false
60,,,,,,,,,,,lcl_NZ_CP013995.1_prot_WP_002321279.1_3180,AWJ25_RS16545,WP_002321279.1,n.a,hypothetical protein,n.a,343064,343306,-,NZ_CP013995.1,false
61,lcl_NZ_CP013995.1_prot_WP_002302873.1_3117,AWJ25_RS16220,WP_002302873.1,n.a,isopeptide_forming domain_containing fimbrial protein,n.a,285552,287528,-,NZ_CP013995.1,false
61,,,,,,,,,,,lcl_NZ_CP013995.1_prot_WP_010729784.1_3187,AWJ25_RS16580,WP_010729784.1,n.a,isopeptide_forming domain_containing fimbrial protein,n.a,350367,352343,-,NZ_CP013995.1,false
62,lcl_NZ_CP013995.1_prot_WP_002302875.1_3118,AWJ25_RS16225,WP_002302875.1,n.a,class A sortase,n.a,287581,288252,-,NZ_CP013995.1,false
62,,,,,,,,,,,lcl_NZ_CP013995.1_prot_WP_002336710.1_3188,AWJ25_RS16585,WP_002336710.1,n.a,class A sortase,n.a,352396,353067,-,NZ_CP013995.1,false
63,lcl_NZ_CP013995.1_prot_WP_002299885.1_3122,AWJ25_RS16245,WP_002299885.1,n.a,hypothetical protein,n.a,290628,290867,-,NZ_CP013995.1,false
63,,,,,,,,,,,lcl_NZ_CP013995.1_prot_WP_002295673.1_3190,AWJ25_RS16595,WP_002295673.1,n.a,hypothetical protein,n.a,353403,353642,-,NZ_CP013995.1,false
64,lcl_NZ_CP013995.1_prot_WP_002305777.1_3123,AWJ25_RS16250,WP_002305777.1,n.a,DUF5406 domain_containing protein,n.a,290981,291322,-,NZ_CP013995.1,false
64,,,,,,,,,,,lcl_NZ_CP013995.1_prot_WP_002295674.1_3192,AWJ25_RS16605,WP_002295674.1,n.a,DUF5406 domain_containing protein,n.a,355539,355880,-,NZ_CP013995.1,false
65,lcl_NZ_CP013995.1_prot_WP_002310954.1_3125,AWJ25_RS16260,WP_002310954.1,n.a,hypothetical protein,n.a,292229,292561,-,NZ_CP013995.1,false
65,,,,,,,,,,,lcl_NZ_CP013995.1_prot_WP_002323647.1_3193,AWJ25_RS16610,WP_002323647.1,n.a,hypothetical protein,n.a,356499,356831,-,NZ_CP013995.1,false
66,lcl_NZ_CP013995.1_prot_WP_002323589.1_3197,AWJ25_RS16620,WP_002323589.1,n.a,IS200/IS605 family element transposase accessory protein TnpB,n.a,360948,362096,-,NZ_CP013995.1,false
66,,,,,,,,,,,lcl_NZ_CP013995.1_prot_WP_002287525.1_3204,AWJ25_RS16655,WP_002287525.1,n.a,IS200/IS605 family element transposase accessory protein TnpB,n.a,366670,367818,+,NZ_CP013995.1,false
67,lcl_NZ_CP013995.1_prot_WP_002287522.1_3198,AWJ25_RS16625,WP_002287522.1,n.a,IS200/IS605_like element ISEfa4 family transposase,n.a,362113,362517,-,NZ_CP013995.1,false
67,,,,,,,,,,,lcl_NZ_CP013995.1_prot_WP_002287522.1_3203,AWJ25_RS16650,WP_002287522.1,n.a,IS200/IS605_like element ISEfa4 family transposase,n.a,366249,366653,+,NZ_CP013995.1,false
68,lcl_NZ_CP013994.1_prot_WP_002303285.1_494,AWJ25_RS02535,WP_002303285.1,n.a,hypothetical protein,n.a,515425,515721,+,NZ_CP013994.1,false
68,,,,,,,,,,,lcl_NZ_CP013994.1_prot_WP_012197617.1_820,AWJ25_RS04240,WP_012197617.1,n.a,hypothetical protein,n.a,843200,843487,+,NZ_CP013994.1,false
69,lcl_NZ_CP013994.1_prot_WP_002303286.1_495,AWJ25_RS02540,WP_002303286.1,n.a,autolysin,n.a,515798,516211,+,NZ_CP013994.1,false
69,,,,,,,,,,,lcl_NZ_CP013994.1_prot_WP_002304479.1_821,AWJ25_RS04250,WP_002304479.1,n.a,autolysin,n.a,843974,844387,+,NZ_CP013994.1,false
70,lcl_NZ_CP013994.1_prot_WP_002332773.1_515,AWJ25_RS02650,WP_002332773.1,n.a,phage baseplate upper protein,n.a,534363,535271,+,NZ_CP013994.1,false
70,,,,,,,,,,,lcl_NZ_CP013994.1_prot_WP_002332773.1_1813,AWJ25_RS09375,WP_002332773.1,n.a,phage baseplate upper protein,n.a,1879425,1880333,-,NZ_CP013994.1,false
71,lcl_NZ_CP013994.1_prot_WP_002319918.1_517,AWJ25_RS02660,WP_002319918.1,n.a,hypothetical protein,n.a,535895,536344,+,NZ_CP013994.1,false
71,,,,,,,,,,,lcl_NZ_CP013994.1_prot_WP_002301867.1_1811,AWJ25_RS09365,WP_002301867.1,n.a,hypothetical protein,n.a,1878355,1878804,-,NZ_CP013994.1,false
72,lcl_NZ_CP013994.1_prot_WP_002347378.1_518,AWJ25_RS02665,WP_002347378.1,n.a,hypothetical protein,n.a,536344,536838,+,NZ_CP013994.1,false
72,,,,,,,,,,,lcl_NZ_CP013994.1_prot_WP_002305897.1_1810,AWJ25_RS09360,WP_002305897.1,n.a,hypothetical protein,n.a,1877861,1878355,-,NZ_CP013994.1,false
73,lcl_NZ_CP013994.1_prot_WP_002302753.1_522,AWJ25_RS02685,WP_002302753.1,n.a,N_acetylmuramoyl_L_alanine amidase,n.a,537818,538828,+,NZ_CP013994.1,false
73,,,,,,,,,,,lcl_NZ_CP013994.1_prot_WP_002303477.1_1805,AWJ25_RS09335,WP_002303477.1,n.a,N_acetylmuramoyl_L_alanine amidase,n.a,1875710,1876729,-,NZ_CP013994.1,false
73,,,,,,,,,,,lcl_NZ_CP013994.1_prot_WP_020944989.1_849,AWJ25_RS04395,WP_020944989.1,n.a,N_acetylmuramoyl_L_alanine amidase,n.a,866135,867151,+,NZ_CP013994.1,false
74,lcl_NZ_CP013994.1_prot_WP_002302755.1_523,AWJ25_RS02690,WP_002302755.1,n.a,hypothetical protein,n.a,538943,540151,+,NZ_CP013994.1,false
74,,,,,,,,,,,lcl_NZ_CP013994.1_prot_WP_002302755.1_850,AWJ25_RS04400,WP_002302755.1,n.a,hypothetical protein,n.a,867266,868474,+,NZ_CP013994.1,false
75,lcl_NZ_CP013994.1_prot_WP_025477679.1_525,AWJ25_RS02705,WP_025477679.1,n.a,hypothetical protein,n.a,542646,542948,-,NZ_CP013994.1,false
75,,,,,,,,,,,lcl_NZ_CP013994.1_prot_WP_002318491.1_851,AWJ25_RS04410,WP_002318491.1,n.a,hypothetical protein,n.a,869469,869768,-,NZ_CP013994.1,false
75,,,,,,,,,,,lcl_NZ_CP013994.1_prot_WP_002305364.1_1910,AWJ25_RS09875,WP_002305364.1,n.a,hypothetical protein,n.a,1961367,1961669,+,NZ_CP013994.1,false
75,,,,,,,,,,,lcl_NZ_CP013994.1_prot_WP_002302293.1_925,AWJ25_RS04795,WP_002302293.1,n.a,hypothetical protein,n.a,943926,944228,-,NZ_CP013994.1,false
75,,,,,,,,,,,lcl_NZ_CP013994.1_prot_WP_002302747.1_1804,AWJ25_RS09325,WP_002302747.1,n.a,hypothetical protein,n.a,1874634,1874933,+,NZ_CP013994.1,false
76,lcl_NZ_CP013994.1_prot_WP_000202380.1_570,AWJ25_RS02940,WP_000202380.1,n.a,IS1380_like element IS1678 family transposase,n.a,586674,587993,-,NZ_CP013994.1,false
76,,,,,,,,,,,lcl_NZ_CP013994.1_prot_WP_000202380.1_1165,AWJ25_RS05990,WP_000202380.1,n.a,IS1380_like element IS1678 family transposase,n.a,1198642,1199961,-,NZ_CP013994.1,false
77,lcl_NZ_CP013994.1_prot_WP_002303350.1_573,AWJ25_RS02955,WP_002303350.1,n.a,IS30 family transposase,n.a,590266,591225,+,NZ_CP013994.1,false
77,,,,,,,,,,,lcl_NZ_CP013994.1_prot_WP_002303350.1_2723,AWJ25_RS14150,WP_002303350.1,n.a,IS30 family transposase,n.a,2858388,2859347,+,NZ_CP013994.1,false
78,lcl_NZ_CP013994.1_prot_WP_059355913.1_707,AWJ25_RS03650,WP_059355913.1,n.a,ISL3 family transposase,n.a,729249,730589,-,NZ_CP013994.1,false
78,,,,,,,,,,,lcl_NZ_CP013994.1_prot_2732,AWJ25_RS14195,n.a,n.a,ISL3 family transposase,n.a,2871937,2873277,+,NZ_CP013994.1,true
79,lcl_NZ_CP013994.1_prot_WP_010782560.1_736,AWJ25_RS03800,WP_010782560.1,n.a,IS30_like element IS6770 family transposase,n.a,762534,763493,-,NZ_CP013994.1,false
79,,,,,,,,,,,lcl_NZ_CP013994.1_prot_WP_002303791.1_1416,AWJ25_RS07260,WP_002303791.1,n.a,IS30_like element IS6770 family transposase,n.a,1453854,1454813,+,NZ_CP013994.1,false
79,,,,,,,,,,,lcl_NZ_CP013994.1_prot_WP_002297271.1_2521,AWJ25_RS13015,WP_002297271.1,n.a,IS30_like element IS6770 family transposase,n.a,2614098,2615057,+,NZ_CP013994.1,false
80,lcl_NZ_CP013994.1_prot_WP_002296606.1_815,AWJ25_RS04215,WP_002296606.1,n.a,antitoxin,n.a,841504,841665,+,NZ_CP013994.1,false
80,,,,,,,,,,,lcl_NZ_CP013994.1_prot_WP_002290675.1_1950,AWJ25_RS10090,WP_002290675.1,n.a,hypothetical protein,n.a,1991594,1991755,-,NZ_CP013994.1,false
81,lcl_NZ_CP013994.1_prot_WP_012197627.1_817,AWJ25_RS04225,WP_012197627.1,n.a,hypothetical protein,n.a,841967,842281,+,NZ_CP013994.1,false
81,,,,,,,,,,,lcl_NZ_CP013994.1_prot_WP_002303017.1_1840,AWJ25_RS09515,WP_002303017.1,n.a,hypothetical protein,n.a,1899331,1899633,-,NZ_CP013994.1,false
82,lcl_NZ_CP013994.1_prot_WP_002332429.1_845,AWJ25_RS04375,WP_002332429.1,n.a,hypothetical protein,n.a,865049,865495,+,NZ_CP013994.1,false
82,,,,,,,,,,,lcl_NZ_CP013994.1_prot_WP_002286491.1_1920,AWJ25_RS09940,WP_002286491.1,n.a,hypothetical protein,n.a,1967637,1968083,-,NZ_CP013994.1,false
83,lcl_NZ_CP013994.1_prot_WP_002353637.1_852,AWJ25_RS04415,WP_002353637.1,n.a,hypothetical protein,n.a,869774,870004,-,NZ_CP013994.1,false
83,,,,,,,,,,,lcl_NZ_CP013994.1_prot_WP_002302745.1_1803,AWJ25_RS09320,WP_002302745.1,n.a,hypothetical protein,n.a,1874398,1874628,+,NZ_CP013994.1,false
84,lcl_NZ_CP013994.1_prot_WP_059355915.1_854,AWJ25_RS04425,WP_059355915.1,fss3,fibrinogen_binding MSCRAMM adhesin Fss3,n.a,871362,874589,+,NZ_CP013994.1,false
84,,,,,,,,,,,lcl_NZ_CP013994.1_prot_WP_010729821.1_2698,AWJ25_RS14035,WP_010729821.1,fss3,fibrinogen_binding MSCRAMM adhesin Fss3,n.a,2831813,2835040,+,NZ_CP013994.1,false
85,lcl_NZ_CP013994.1_prot_WP_002297366.1_855,AWJ25_RS04430,WP_002297366.1,n.a,YdcP family protein,n.a,874702,875016,+,NZ_CP013994.1,false
85,,,,,,,,,,,lcl_NZ_CP013994.1_prot_WP_059355940.1_2699,AWJ25_RS14040,WP_059355940.1,n.a,YdcP family protein,n.a,2835153,2835467,+,NZ_CP013994.1,false
86,lcl_NZ_CP013994.1_prot_WP_002297365.1_856,AWJ25_RS04435,WP_002297365.1,n.a,YdcP family protein,n.a,875029,875403,+,NZ_CP013994.1,false
86,,,,,,,,,,,lcl_NZ_CP013994.1_prot_WP_002297365.1_2700,AWJ25_RS14045,WP_002297365.1,n.a,YdcP family protein,n.a,2835480,2835854,+,NZ_CP013994.1,false
87,lcl_NZ_CP013994.1_prot_WP_002311649.1_857,AWJ25_RS04440,WP_002311649.1,n.a,hypothetical protein,n.a,875404,875748,+,NZ_CP013994.1,false
87,,,,,,,,,,,lcl_NZ_CP013994.1_prot_WP_002311649.1_2701,AWJ25_RS14050,WP_002311649.1,n.a,hypothetical protein,n.a,2835855,2836199,+,NZ_CP013994.1,false
88,lcl_NZ_CP013994.1_prot_WP_059355916.1_858,AWJ25_RS04445,WP_059355916.1,n.a,DUF87 domain_containing protein,n.a,875831,877183,+,NZ_CP013994.1,false
88,,,,,,,,,,,lcl_NZ_CP013994.1_prot_WP_010729284.1_2702,AWJ25_RS14055,WP_010729284.1,n.a,DUF87 domain_containing protein,n.a,2836282,2837622,+,NZ_CP013994.1,false
89,lcl_NZ_CP013994.1_prot_WP_002286934.1_861,AWJ25_RS04460,WP_002286934.1,n.a,XRE family transcriptional regulator,n.a,878920,880104,+,NZ_CP013994.1,false
89,,,,,,,,,,,lcl_NZ_CP013994.1_prot_WP_002297353.1_2707,AWJ25_RS14080,WP_002297353.1,n.a,XRE family transcriptional regulator,n.a,2840288,2841472,+,NZ_CP013994.1,false
90,lcl_NZ_CP013994.1_prot_WP_002305703.1_862,AWJ25_RS04465,WP_002305703.1,n.a,DUF3789 domain_containing protein,n.a,880101,880238,+,NZ_CP013994.1,false
90,,,,,,,,,,,lcl_NZ_CP013994.1_prot_WP_002317225.1_2708,AWJ25_RS14085,WP_002317225.1,n.a,DUF3789 domain_containing protein,n.a,2841469,2841606,+,NZ_CP013994.1,false
91,lcl_NZ_CP013994.1_prot_WP_002298822.1_863,AWJ25_RS04470,WP_002298822.1,n.a,hypothetical protein,n.a,880243,880464,+,NZ_CP013994.1,false
91,,,,,,,,,,,lcl_NZ_CP013994.1_prot_WP_033658092.1_2710,AWJ25_RS17920,WP_033658092.1,n.a,hypothetical protein,n.a,2844366,2844590,+,NZ_CP013994.1,false
92,lcl_NZ_CP013994.1_prot_WP_002288934.1_864,AWJ25_RS04475,WP_002288934.1,n.a,antirestriction protein ArdA,n.a,880477,880977,+,NZ_CP013994.1,false
92,,,,,,,,,,,lcl_NZ_CP013994.1_prot_WP_002297350.1_2711,AWJ25_RS14095,WP_002297350.1,n.a,antirestriction protein ArdA,n.a,2844603,2845106,+,NZ_CP013994.1,false
93,lcl_NZ_CP013994.1_prot_WP_002288938.1_867,AWJ25_RS04490,WP_002288938.1,n.a,conjugal transfer protein,n.a,883870,884259,+,NZ_CP013994.1,false
93,,,,,,,,,,,lcl_NZ_CP013994.1_prot_WP_002297349.1_2712,AWJ25_RS14100,WP_002297349.1,n.a,conjugal transfer protein,n.a,2845166,2845555,+,NZ_CP013994.1,false
94,lcl_NZ_CP013994.1_prot_WP_002289057.1_874,AWJ25_RS04520,WP_002289057.1,n.a,lipoprotein,n.a,892978,893985,+,NZ_CP013994.1,false
94,,,,,,,,,,,lcl_NZ_CP013994.1_prot_WP_002297346.1_2715,AWJ25_RS14115,WP_002297346.1,n.a,peptidase P60,n.a,2850114,2851118,+,NZ_CP013994.1,false
95,lcl_NZ_CP013994.1_prot_WP_002297633.1_944,AWJ25_RS04900,WP_002297633.1,n.a,hypothetical protein,n.a,965703,965915,+,NZ_CP013994.1,false
95,,,,,,,,,,,lcl_NZ_CP013994.1_prot_WP_002297633.1_2446,AWJ25_RS12615,WP_002297633.1,n.a,hypothetical protein,n.a,2528252,2528464,-,NZ_CP013994.1,false
96,lcl_NZ_CP013994.1_prot_WP_002287775.1_945,AWJ25_RS04905,WP_002287775.1,n.a,glycerophosphoryl diester phosphodiesterase,n.a,966193,967992,-,NZ_CP013994.1,false
96,,,,,,,,,,,lcl_NZ_CP013994.1_prot_2445,AWJ25_RS12610,n.a,n.a,glycerophosphodiester phosphodiesterase,n.a,2526176,2527974,+,NZ_CP013994.1,true
97,lcl_NZ_CP013994.1_prot_WP_002287776.1_946,AWJ25_RS04910,WP_002287776.1,n.a,TVP38/TMEM64 family protein,n.a,968116,968712,-,NZ_CP013994.1,false
97,,,,,,,,,,,lcl_NZ_CP013994.1_prot_WP_002287776.1_2444,AWJ25_RS12605,WP_002287776.1,n.a,TVP38/TMEM64 family protein,n.a,2525456,2526052,+,NZ_CP013994.1,false
98,lcl_NZ_CP013994.1_prot_WP_002296337.1_948,AWJ25_RS04920,WP_002296337.1,n.a,carboxymuconolactone decarboxylase family protein,n.a,970127,970471,+,NZ_CP013994.1,false
98,,,,,,,,,,,lcl_NZ_CP013994.1_prot_WP_002296337.1_2442,AWJ25_RS12595,WP_002296337.1,n.a,carboxymuconolactone decarboxylase family protein,n.a,2523695,2524039,-,NZ_CP013994.1,false
99,lcl_NZ_CP013994.1_prot_949,AWJ25_RS04925,n.a,n.a,cupin domain_containing protein,n.a,970472,970891,+,NZ_CP013994.1,true
99,,,,,,,,,,,lcl_NZ_CP013994.1_prot_WP_002296336.1_2441,AWJ25_RS12590,WP_002296336.1,n.a,cupin domain_containing protein,n.a,2523275,2523694,-,NZ_CP013994.1,false
100,lcl_NZ_CP013994.1_prot_WP_002296335.1_950,AWJ25_RS04930,WP_002296335.1,n.a,hypothetical protein,n.a,970983,971333,-,NZ_CP013994.1,false
100,,,,,,,,,,,lcl_NZ_CP013994.1_prot_WP_002296335.1_2440,AWJ25_RS12585,WP_002296335.1,n.a,hypothetical protein,n.a,2522833,2523183,+,NZ_CP013994.1,false
101,lcl_NZ_CP013994.1_prot_WP_002296334.1_951,AWJ25_RS04935,WP_002296334.1,n.a,DUF1576 domain_containing protein,n.a,971299,972630,-,NZ_CP013994.1,false
101,,,,,,,,,,,lcl_NZ_CP013994.1_prot_WP_002296334.1_2439,AWJ25_RS12580,WP_002296334.1,n.a,DUF1576 domain_containing protein,n.a,2521536,2522867,+,NZ_CP013994.1,false
102,lcl_NZ_CP013994.1_prot_WP_002296332.1_952,AWJ25_RS04940,WP_002296332.1,n.a,TetR/AcrR family transcriptional regulator,n.a,972886,973452,+,NZ_CP013994.1,false
102,,,,,,,,,,,lcl_NZ_CP013994.1_prot_WP_002296332.1_2438,AWJ25_RS12575,WP_002296332.1,n.a,TetR/AcrR family transcriptional regulator,n.a,2520714,2521280,-,NZ_CP013994.1,false
103,lcl_NZ_CP013994.1_prot_WP_002291278.1_1236,AWJ25_RS06350,WP_002291278.1,n.a,GlsB/YeaQ/YmgE family stress response membrane protein,n.a,1263099,1263341,+,NZ_CP013994.1,false
103,,,,,,,,,,,lcl_NZ_CP013994.1_prot_WP_002290686.1_1244,AWJ25_RS06395,WP_002290686.1,n.a,GlsB/YeaQ/YmgE family stress response membrane protein,n.a,1269469,1269711,+,NZ_CP013994.1,false
104,lcl_NZ_CP013994.1_prot_WP_002289111.1_1454,AWJ25_RS07455,WP_002289111.1,n.a,LysM peptidoglycan_binding domain_containing protein,n.a,1491071,1491709,+,NZ_CP013994.1,false
104,,,,,,,,,,,lcl_NZ_CP013994.1_prot_WP_002326685.1_1544,AWJ25_RS07915,WP_002326685.1,n.a,LysM peptidoglycan_binding domain_containing protein,n.a,1588013,1588636,+,NZ_CP013994.1,false
105,lcl_NZ_CP013994.1_prot_WP_002286683.1_1806,AWJ25_RS09340,WP_002286683.1,n.a,holin,n.a,1876726,1876950,-,NZ_CP013994.1,false
105,,,,,,,,,,,lcl_NZ_CP013994.1_prot_WP_002286683.1_1917,AWJ25_RS09925,WP_002286683.1,n.a,holin,n.a,1966946,1967170,-,NZ_CP013994.1,false
106,lcl_NZ_CP013994.1_prot_WP_002303476.1_1807,AWJ25_RS09345,WP_002303476.1,n.a,hypothetical protein,n.a,1876947,1877240,-,NZ_CP013994.1,false
106,,,,,,,,,,,lcl_NZ_CP013994.1_prot_WP_002286686.1_1918,AWJ25_RS09930,WP_002286686.1,n.a,hypothetical protein,n.a,1967167,1967460,-,NZ_CP013994.1,false
107,lcl_NZ_CP013994.1_prot_WP_002303016.1_1841,AWJ25_RS09520,WP_002303016.1,n.a,hypothetical protein,n.a,1899633,1899932,-,NZ_CP013994.1,false
107,,,,,,,,,,,lcl_NZ_CP013994.1_prot_WP_002305393.1_1949,AWJ25_RS10085,WP_002305393.1,n.a,hypothetical protein,n.a,1991292,1991597,-,NZ_CP013994.1,false
108,lcl_NZ_CP013994.1_prot_WP_002286553.1_1844,AWJ25_RS09535,WP_002286553.1,n.a,hypothetical protein,n.a,1901128,1901814,-,NZ_CP013994.1,false
108,,,,,,,,,,,lcl_NZ_CP013994.1_prot_WP_002305398.1_1954,AWJ25_RS10110,WP_002305398.1,n.a,hypothetical protein,n.a,1993827,1994513,-,NZ_CP013994.1,false
109,lcl_NZ_CP013994.1_prot_WP_002286604.1_1864,AWJ25_RS09645,WP_002286604.1,n.a,PTS lactose/cellobiose transporter subunit IIA,n.a,1914647,1914967,-,NZ_CP013994.1,false
109,,,,,,,,,,,lcl_NZ_CP013994.1_prot_WP_002287579.1_2385,AWJ25_RS12300,WP_002287579.1,n.a,PTS lactose/cellobiose transporter subunit IIA,n.a,2463720,2464037,-,NZ_CP013994.1,false
110,lcl_NZ_CP013994.1_prot_WP_002286606.1_1865,AWJ25_RS09650,WP_002286606.1,n.a,PTS sugar transporter subunit IIB,n.a,1914997,1915314,-,NZ_CP013994.1,false
110,,,,,,,,,,,lcl_NZ_CP013994.1_prot_WP_002287582.1_2386,AWJ25_RS12305,WP_002287582.1,n.a,PTS sugar transporter subunit IIB,n.a,2464063,2464383,-,NZ_CP013994.1,false
111,lcl_NZ_CP013994.1_prot_2436,AWJ25_RS12560,n.a,n.a,IS256_like element ISEf1 family transposase,n.a,,2519469,-,NZ_CP013994.1,true
111,,,,,,,,,,,lcl_NZ_CP013994.1_prot_2472,AWJ25_RS12755,n.a,n.a,IS256 family transposase,n.a,2553562,2554088,+,NZ_CP013994.1,true
